/*
SQLyog Ultimate v12.09 (64 bit)
MySQL - 10.4.17-MariaDB : Database - db_praktikum_prognet
*********************************************************************
*/

/*!40101 SET NAMES utf8 */;

/*!40101 SET SQL_MODE=''*/;

/*!40014 SET @OLD_UNIQUE_CHECKS=@@UNIQUE_CHECKS, UNIQUE_CHECKS=0 */;
/*!40014 SET @OLD_FOREIGN_KEY_CHECKS=@@FOREIGN_KEY_CHECKS, FOREIGN_KEY_CHECKS=0 */;
/*!40101 SET @OLD_SQL_MODE=@@SQL_MODE, SQL_MODE='NO_AUTO_VALUE_ON_ZERO' */;
/*!40111 SET @OLD_SQL_NOTES=@@SQL_NOTES, SQL_NOTES=0 */;
CREATE DATABASE /*!32312 IF NOT EXISTS*/`db_praktikum_prognet` /*!40100 DEFAULT CHARACTER SET utf8mb4 */;

USE `db_praktikum_prognet`;

/*Table structure for table `admin_notifications` */

DROP TABLE IF EXISTS `admin_notifications`;

CREATE TABLE `admin_notifications` (
  `id` int(11) NOT NULL AUTO_INCREMENT,
  `type` varchar(191) COLLATE utf8mb4_unicode_ci NOT NULL,
  `notifiable_type` varchar(191) COLLATE utf8mb4_unicode_ci NOT NULL,
  `notifiable_id` int(10) unsigned NOT NULL,
  `data` text COLLATE utf8mb4_unicode_ci NOT NULL,
  `read_at` timestamp NULL DEFAULT NULL,
  `created_at` timestamp NULL DEFAULT NULL,
  `updated_at` timestamp NULL DEFAULT NULL,
  PRIMARY KEY (`id`),
  KEY `seller_notifications_notifiable_type_notifiable_id_index` (`notifiable_type`,`notifiable_id`),
  KEY `notifiable_id` (`notifiable_id`),
  CONSTRAINT `admin_notifications_ibfk_1` FOREIGN KEY (`notifiable_id`) REFERENCES `admins` (`id`)
) ENGINE=InnoDB AUTO_INCREMENT=45 DEFAULT CHARSET=utf8mb4 COLLATE=utf8mb4_unicode_ci;

/*Data for the table `admin_notifications` */

insert  into `admin_notifications`(`id`,`type`,`notifiable_type`,`notifiable_id`,`data`,`read_at`,`created_at`,`updated_at`) values (10,'App\\Notifications\\AdminNotification','App\\Models\\User',1,'{\"nama\":\"Admin\",\"message\":\"Response dikirim!\",\"id\":\"4\",\"category\":\"review\"}','2021-06-05 14:13:49','2021-06-05 06:13:41','2021-06-05 06:13:49'),(11,'App\\Notifications\\AdminNotification','App\\Models\\User',1,'{\"nama\":\"pastibisa\",\"message\":\"melakukan transaksi!\",\"id\":14,\"category\":\"transaction\"}','2021-06-05 14:29:46','2021-06-05 06:20:42','2021-06-05 06:29:46'),(12,'App\\Notifications\\AdminNotification','App\\Models\\User',1,'{\"nama\":\"pastibisa\",\"message\":\"membatalkan pesanan!\",\"id\":\"14\",\"category\":\"transaction\"}','2021-06-05 14:29:49','2021-06-05 06:20:52','2021-06-05 06:29:49'),(13,'App\\Notifications\\AdminNotification','App\\Models\\User',1,'{\"nama\":\"pastibisa\",\"message\":\"melakukan transaksi!\",\"id\":15,\"category\":\"transaction\"}','2021-06-05 14:29:52','2021-06-05 06:23:45','2021-06-05 06:29:52'),(14,'App\\Notifications\\AdminNotification','App\\Models\\User',1,'{\"nama\":\"pastibisa\",\"message\":\"mengupload bukti pembayaran!\",\"id\":\"15\",\"category\":\"transaction\"}','2021-06-05 14:30:03','2021-06-05 06:24:00','2021-06-05 06:30:03'),(15,'App\\Notifications\\AdminNotification','App\\Models\\User',1,'{\"nama\":\"pastibisa\",\"message\":\"Pesanan terverifikasi!\",\"id\":\"15\",\"category\":\"transaction\"}','2021-06-05 14:30:05','2021-06-05 06:30:00','2021-06-05 06:30:05'),(16,'App\\Notifications\\AdminNotification','App\\Models\\User',1,'{\"nama\":\"Admin\",\"message\":\"membatalkan pesanan!\",\"id\":\"15\",\"category\":\"transaction\"}','2021-06-05 14:30:23','2021-06-05 06:30:19','2021-06-05 06:30:23'),(17,'App\\Notifications\\AdminNotification','App\\Models\\User',1,'{\"nama\":\"pastibisa\",\"message\":\"Pesanan dikirim!\",\"id\":\"15\",\"category\":\"transaction\"}','2021-06-05 14:31:26','2021-06-05 06:31:24','2021-06-05 06:31:26'),(18,'App\\Notifications\\AdminNotification','App\\Models\\User',1,'{\"nama\":\"pastibisa\",\"message\":\"Pesanan diterima!\",\"id\":\"15\",\"category\":\"transaction\"}','2021-06-05 14:32:59','2021-06-05 06:32:09','2021-06-05 06:32:59'),(19,'App\\Notifications\\AdminNotification','App\\Models\\User',1,'{\"nama\":\"pastibisa\",\"message\":\"mereview product!\",\"id\":\"2\",\"category\":\"review\"}','2021-06-05 14:33:01','2021-06-05 06:32:30','2021-06-05 06:33:01'),(20,'App\\Notifications\\AdminNotification','App\\Models\\User',1,'{\"nama\":\"Admin\",\"message\":\"Response dikirim!\",\"id\":\"5\",\"category\":\"review\"}','2021-06-05 14:33:13','2021-06-05 06:33:10','2021-06-05 06:33:13'),(21,'App\\Notifications\\AdminNotification','App\\Models\\User',1,'{\"nama\":\"Admin\",\"message\":\"Response dikirim!\",\"id\":\"4\",\"category\":\"review\"}','2021-06-05 14:57:40','2021-06-05 06:57:28','2021-06-05 06:57:40'),(22,'App\\Notifications\\AdminNotification','App\\Models\\User',1,'{\"nama\":\"Admin\",\"message\":\"Response dikirim!\",\"id\":\"5\",\"category\":\"review\"}','2021-06-05 14:57:43','2021-06-05 06:57:37','2021-06-05 06:57:43'),(23,'App\\Notifications\\AdminNotification','App\\Models\\User',1,'{\"nama\":\"Admin\",\"message\":\"Response dikirim!\",\"id\":\"4\",\"category\":\"review\"}','2021-06-05 14:58:37','2021-06-05 06:58:28','2021-06-05 06:58:37'),(24,'App\\Notifications\\AdminNotification','App\\Models\\User',1,'{\"nama\":\"Admin\",\"message\":\"Response dikirim!\",\"id\":\"5\",\"category\":\"review\"}','2021-06-05 14:58:42','2021-06-05 06:58:35','2021-06-05 06:58:42'),(25,'App\\Notifications\\AdminNotification','App\\Models\\User',1,'{\"nama\":\"pastibisa\",\"message\":\"melakukan transaksi!\",\"id\":16,\"category\":\"transaction\"}','2021-06-05 17:04:19','2021-06-05 09:01:10','2021-06-05 09:04:19'),(26,'App\\Notifications\\AdminNotification','App\\Models\\User',1,'{\"nama\":\"pastibisa\",\"message\":\"mengupload bukti pembayaran!\",\"id\":\"16\",\"category\":\"transaction\"}','2021-06-05 17:04:17','2021-06-05 09:01:44','2021-06-05 09:04:17'),(27,'App\\Notifications\\AdminNotification','App\\Models\\User',1,'{\"nama\":\"pastibisa\",\"message\":\"Pesanan terverifikasi!\",\"id\":\"16\",\"category\":\"transaction\"}','2021-06-05 17:04:26','2021-06-05 09:04:20','2021-06-05 09:04:26'),(28,'App\\Notifications\\AdminNotification','App\\Models\\User',1,'{\"nama\":\"pastibisa\",\"message\":\"Pesanan dikirim!\",\"id\":\"16\",\"category\":\"transaction\"}','2021-06-05 17:04:27','2021-06-05 09:04:22','2021-06-05 09:04:27'),(29,'App\\Notifications\\AdminNotification','App\\Models\\User',1,'{\"nama\":\"pastibisa\",\"message\":\"Pesanan diterima!\",\"id\":\"16\",\"category\":\"transaction\"}','2021-06-05 17:07:34','2021-06-05 09:05:03','2021-06-05 09:07:34'),(30,'App\\Notifications\\AdminNotification','App\\Models\\User',1,'{\"nama\":\"pastibisa\",\"message\":\"mereview product!\",\"id\":\"4\",\"category\":\"review\"}','2021-06-05 17:07:36','2021-06-05 09:05:43','2021-06-05 09:07:36'),(31,'App\\Notifications\\AdminNotification','App\\Models\\User',1,'{\"nama\":\"Admin\",\"message\":\"Response dikirim!\",\"id\":\"6\",\"category\":\"review\"}','2021-06-05 17:07:54','2021-06-05 09:07:44','2021-06-05 09:07:54'),(32,'App\\Notifications\\AdminNotification','App\\Models\\User',1,'{\"nama\":\"pastibisa\",\"message\":\"melakukan transaksi!\",\"id\":17,\"category\":\"transaction\"}','2021-06-06 13:12:07','2021-06-05 14:44:53','2021-06-06 05:12:07'),(33,'App\\Notifications\\AdminNotification','App\\Models\\User',1,'{\"nama\":\"pastibisa\",\"message\":\"mengupload bukti pembayaran!\",\"id\":\"17\",\"category\":\"transaction\"}','2021-06-06 13:12:05','2021-06-05 14:46:58','2021-06-06 05:12:05'),(34,'App\\Notifications\\AdminNotification','App\\Models\\User',1,'{\"nama\":\"pastibisa\",\"message\":\"Pesanan terverifikasi!\",\"id\":\"17\",\"category\":\"transaction\"}','2021-06-06 13:12:04','2021-06-05 14:50:26','2021-06-06 05:12:04'),(35,'App\\Notifications\\AdminNotification','App\\Models\\User',1,'{\"nama\":\"pastibisa\",\"message\":\"Pesanan dikirim!\",\"id\":\"17\",\"category\":\"transaction\"}','2021-06-06 13:12:01','2021-06-05 14:51:14','2021-06-06 05:12:01'),(36,'App\\Notifications\\AdminNotification','App\\Models\\User',1,'{\"nama\":\"pastibisa\",\"message\":\"Pesanan diterima!\",\"id\":\"17\",\"category\":\"transaction\"}','2021-06-06 13:11:59','2021-06-05 14:52:32','2021-06-06 05:11:59'),(37,'App\\Notifications\\AdminNotification','App\\Models\\User',1,'{\"nama\":\"pastibisa\",\"message\":\"mereview product!\",\"id\":\"8\",\"category\":\"review\"}','2021-06-05 23:23:52','2021-06-05 14:53:27','2021-06-05 15:23:52'),(38,'App\\Notifications\\AdminNotification','App\\Models\\User',1,'{\"nama\":\"Admin\",\"message\":\"Response dikirim!\",\"id\":\"7\",\"category\":\"review\"}','2021-06-05 23:23:49','2021-06-05 15:10:18','2021-06-05 15:23:49'),(39,'App\\Notifications\\AdminNotification','App\\Models\\User',1,'{\"nama\":\"pastibisa\",\"message\":\"melakukan transaksi!\",\"id\":18,\"category\":\"transaction\"}','2021-06-06 13:11:47','2021-06-06 02:30:54','2021-06-06 05:11:47'),(40,'App\\Notifications\\AdminNotification','App\\Models\\User',1,'{\"nama\":\"Admin\",\"message\":\"Response dikirim!\",\"id\":\"7\",\"category\":\"review\"}','2021-06-06 13:11:31','2021-06-06 02:38:11','2021-06-06 05:11:31'),(41,'App\\Notifications\\AdminNotification','App\\Models\\User',1,'{\"nama\":\"pastibisa\",\"message\":\"mengupload bukti pembayaran!\",\"id\":\"18\",\"category\":\"transaction\"}','2021-06-06 13:03:42','2021-06-06 02:39:52','2021-06-06 05:03:42'),(42,'App\\Notifications\\AdminNotification','App\\Models\\User',1,'{\"nama\":\"pastibisa\",\"message\":\"Pesanan terverifikasi!\",\"id\":\"18\",\"category\":\"transaction\"}','2021-06-06 13:11:28','2021-06-06 05:04:07','2021-06-06 05:11:28'),(43,'App\\Notifications\\AdminNotification','App\\Models\\User',1,'{\"nama\":\"pastibisa\",\"message\":\"Pesanan dikirim!\",\"id\":\"18\",\"category\":\"transaction\"}','2021-06-06 13:11:26','2021-06-06 05:04:23','2021-06-06 05:11:26'),(44,'App\\Notifications\\AdminNotification','App\\Models\\User',1,'{\"nama\":\"pastibisa\",\"message\":\"Pesanan diterima!\",\"id\":\"18\",\"category\":\"transaction\"}','2021-06-06 13:11:07','2021-06-06 05:07:30','2021-06-06 05:11:07');

/*Table structure for table `admins` */

DROP TABLE IF EXISTS `admins`;

CREATE TABLE `admins` (
  `id` int(10) unsigned NOT NULL AUTO_INCREMENT,
  `username` varchar(191) COLLATE utf8mb4_unicode_ci DEFAULT NULL,
  `password` varchar(191) COLLATE utf8mb4_unicode_ci NOT NULL,
  `name` varchar(191) COLLATE utf8mb4_unicode_ci NOT NULL,
  `profile_image` varchar(191) COLLATE utf8mb4_unicode_ci NOT NULL,
  `phone` varchar(12) COLLATE utf8mb4_unicode_ci NOT NULL,
  `remember_token` varchar(100) COLLATE utf8mb4_unicode_ci DEFAULT NULL,
  `created_at` timestamp NULL DEFAULT NULL,
  `updated_at` timestamp NULL DEFAULT NULL,
  PRIMARY KEY (`id`),
  UNIQUE KEY `sellers_email_unique` (`phone`)
) ENGINE=InnoDB AUTO_INCREMENT=3 DEFAULT CHARSET=utf8mb4 COLLATE=utf8mb4_unicode_ci;

/*Data for the table `admins` */

insert  into `admins`(`id`,`username`,`password`,`name`,`profile_image`,`phone`,`remember_token`,`created_at`,`updated_at`) values (1,'admin','$2y$10$ZLc25K0EcBRWGKdKI78ytuhOhsBy6DPTfbG0nRpVBlC32LELkRAjK','Admin Coba','def.jpg','01929981',NULL,'2021-05-31 04:13:49',NULL),(2,'admin2','$2y$10$KkBrVKDe94axr94CryXNcOw1qJ0DLQ5V264OiBtIZhO/4yBpMcyke','Admin','def.jpg','01928734',NULL,'2021-06-06 13:46:49',NULL);

/*Table structure for table `carts` */

DROP TABLE IF EXISTS `carts`;

CREATE TABLE `carts` (
  `id` int(10) unsigned NOT NULL AUTO_INCREMENT,
  `user_id` int(10) unsigned NOT NULL,
  `product_id` int(10) unsigned NOT NULL,
  `qty` int(11) NOT NULL,
  `created_at` timestamp NULL DEFAULT NULL,
  `updated_at` timestamp NULL DEFAULT NULL,
  `status` enum('checkedout','notyet','cancelled') COLLATE utf8mb4_unicode_ci DEFAULT NULL,
  PRIMARY KEY (`id`),
  KEY `user_id` (`user_id`),
  KEY `product_id` (`product_id`),
  CONSTRAINT `carts_ibfk_1` FOREIGN KEY (`user_id`) REFERENCES `users` (`id`),
  CONSTRAINT `carts_ibfk_2` FOREIGN KEY (`product_id`) REFERENCES `products` (`id`)
) ENGINE=InnoDB AUTO_INCREMENT=29 DEFAULT CHARSET=utf8mb4 COLLATE=utf8mb4_unicode_ci;

/*Data for the table `carts` */

insert  into `carts`(`id`,`user_id`,`product_id`,`qty`,`created_at`,`updated_at`,`status`) values (9,6,1,2,NULL,'2021-06-04 09:46:17','checkedout'),(10,6,5,1,NULL,'2021-06-04 09:46:17','checkedout'),(11,6,10,1,NULL,'2021-06-04 09:47:31','checkedout'),(13,6,2,2,NULL,'2021-06-04 12:41:18','checkedout'),(14,6,3,1,NULL,'2021-06-04 12:41:18','checkedout'),(15,6,11,1,NULL,'2021-06-04 12:53:55','checkedout'),(16,6,2,2,NULL,'2021-06-04 16:06:33','checkedout'),(17,6,3,1,NULL,'2021-06-05 05:35:04','checkedout'),(18,6,11,1,NULL,'2021-06-05 06:20:42','checkedout'),(19,6,2,2,NULL,'2021-06-05 06:23:45','checkedout'),(20,6,2,2,NULL,'2021-06-05 09:01:10','checkedout'),(21,6,4,1,NULL,'2021-06-05 09:01:10','checkedout'),(25,6,8,2,NULL,'2021-06-05 14:44:53','checkedout'),(27,6,2,1,NULL,'2021-06-06 02:30:55','checkedout');

/*Table structure for table `cities` */

DROP TABLE IF EXISTS `cities`;

CREATE TABLE `cities` (
  `id` bigint(20) unsigned NOT NULL AUTO_INCREMENT,
  `province_id` int(10) unsigned NOT NULL,
  `city_id` int(10) unsigned NOT NULL,
  `title` varchar(255) COLLATE utf8mb4_unicode_ci NOT NULL,
  `created_at` timestamp NULL DEFAULT NULL,
  `updated_at` timestamp NULL DEFAULT NULL,
  PRIMARY KEY (`id`)
) ENGINE=InnoDB AUTO_INCREMENT=502 DEFAULT CHARSET=utf8mb4 COLLATE=utf8mb4_unicode_ci;

/*Data for the table `cities` */

insert  into `cities`(`id`,`province_id`,`city_id`,`title`,`created_at`,`updated_at`) values (1,1,17,'Badung','2021-06-04 08:58:32','2021-06-04 08:58:32'),(2,1,32,'Bangli','2021-06-04 08:58:32','2021-06-04 08:58:32'),(3,1,94,'Buleleng','2021-06-04 08:58:32','2021-06-04 08:58:32'),(4,1,114,'Denpasar','2021-06-04 08:58:32','2021-06-04 08:58:32'),(5,1,128,'Gianyar','2021-06-04 08:58:32','2021-06-04 08:58:32'),(6,1,161,'Jembrana','2021-06-04 08:58:32','2021-06-04 08:58:32'),(7,1,170,'Karangasem','2021-06-04 08:58:32','2021-06-04 08:58:32'),(8,1,197,'Klungkung','2021-06-04 08:58:32','2021-06-04 08:58:32'),(9,1,447,'Tabanan','2021-06-04 08:58:32','2021-06-04 08:58:32'),(10,2,27,'Bangka','2021-06-04 08:58:33','2021-06-04 08:58:33'),(11,2,28,'Bangka Barat','2021-06-04 08:58:33','2021-06-04 08:58:33'),(12,2,29,'Bangka Selatan','2021-06-04 08:58:33','2021-06-04 08:58:33'),(13,2,30,'Bangka Tengah','2021-06-04 08:58:33','2021-06-04 08:58:33'),(14,2,56,'Belitung','2021-06-04 08:58:33','2021-06-04 08:58:33'),(15,2,57,'Belitung Timur','2021-06-04 08:58:33','2021-06-04 08:58:33'),(16,2,334,'Pangkal Pinang','2021-06-04 08:58:33','2021-06-04 08:58:33'),(17,3,106,'Cilegon','2021-06-04 08:58:34','2021-06-04 08:58:34'),(18,3,232,'Lebak','2021-06-04 08:58:34','2021-06-04 08:58:34'),(19,3,331,'Pandeglang','2021-06-04 08:58:34','2021-06-04 08:58:34'),(20,3,402,'Serang','2021-06-04 08:58:34','2021-06-04 08:58:34'),(21,3,403,'Serang','2021-06-04 08:58:34','2021-06-04 08:58:34'),(22,3,455,'Tangerang','2021-06-04 08:58:34','2021-06-04 08:58:34'),(23,3,456,'Tangerang','2021-06-04 08:58:34','2021-06-04 08:58:34'),(24,3,457,'Tangerang Selatan','2021-06-04 08:58:34','2021-06-04 08:58:34'),(25,4,62,'Bengkulu','2021-06-04 08:58:36','2021-06-04 08:58:36'),(26,4,63,'Bengkulu Selatan','2021-06-04 08:58:36','2021-06-04 08:58:36'),(27,4,64,'Bengkulu Tengah','2021-06-04 08:58:36','2021-06-04 08:58:36'),(28,4,65,'Bengkulu Utara','2021-06-04 08:58:36','2021-06-04 08:58:36'),(29,4,175,'Kaur','2021-06-04 08:58:36','2021-06-04 08:58:36'),(30,4,183,'Kepahiang','2021-06-04 08:58:36','2021-06-04 08:58:36'),(31,4,233,'Lebong','2021-06-04 08:58:36','2021-06-04 08:58:36'),(32,4,294,'Muko Muko','2021-06-04 08:58:36','2021-06-04 08:58:36'),(33,4,379,'Rejang Lebong','2021-06-04 08:58:36','2021-06-04 08:58:36'),(34,4,397,'Seluma','2021-06-04 08:58:36','2021-06-04 08:58:36'),(35,5,39,'Bantul','2021-06-04 08:58:37','2021-06-04 08:58:37'),(36,5,135,'Gunung Kidul','2021-06-04 08:58:37','2021-06-04 08:58:37'),(37,5,210,'Kulon Progo','2021-06-04 08:58:37','2021-06-04 08:58:37'),(38,5,419,'Sleman','2021-06-04 08:58:37','2021-06-04 08:58:37'),(39,5,501,'Yogyakarta','2021-06-04 08:58:37','2021-06-04 08:58:37'),(40,6,151,'Jakarta Barat','2021-06-04 08:58:38','2021-06-04 08:58:38'),(41,6,152,'Jakarta Pusat','2021-06-04 08:58:38','2021-06-04 08:58:38'),(42,6,153,'Jakarta Selatan','2021-06-04 08:58:38','2021-06-04 08:58:38'),(43,6,154,'Jakarta Timur','2021-06-04 08:58:38','2021-06-04 08:58:38'),(44,6,155,'Jakarta Utara','2021-06-04 08:58:38','2021-06-04 08:58:38'),(45,6,189,'Kepulauan Seribu','2021-06-04 08:58:38','2021-06-04 08:58:38'),(46,7,77,'Boalemo','2021-06-04 08:58:39','2021-06-04 08:58:39'),(47,7,88,'Bone Bolango','2021-06-04 08:58:39','2021-06-04 08:58:39'),(48,7,129,'Gorontalo','2021-06-04 08:58:39','2021-06-04 08:58:39'),(49,7,130,'Gorontalo','2021-06-04 08:58:39','2021-06-04 08:58:39'),(50,7,131,'Gorontalo Utara','2021-06-04 08:58:39','2021-06-04 08:58:39'),(51,7,361,'Pohuwato','2021-06-04 08:58:40','2021-06-04 08:58:40'),(52,8,50,'Batang Hari','2021-06-04 08:58:41','2021-06-04 08:58:41'),(53,8,97,'Bungo','2021-06-04 08:58:41','2021-06-04 08:58:41'),(54,8,156,'Jambi','2021-06-04 08:58:41','2021-06-04 08:58:41'),(55,8,194,'Kerinci','2021-06-04 08:58:41','2021-06-04 08:58:41'),(56,8,280,'Merangin','2021-06-04 08:58:41','2021-06-04 08:58:41'),(57,8,293,'Muaro Jambi','2021-06-04 08:58:41','2021-06-04 08:58:41'),(58,8,393,'Sarolangun','2021-06-04 08:58:41','2021-06-04 08:58:41'),(59,8,442,'Sungaipenuh','2021-06-04 08:58:41','2021-06-04 08:58:41'),(60,8,460,'Tanjung Jabung Barat','2021-06-04 08:58:41','2021-06-04 08:58:41'),(61,8,461,'Tanjung Jabung Timur','2021-06-04 08:58:41','2021-06-04 08:58:41'),(62,8,471,'Tebo','2021-06-04 08:58:41','2021-06-04 08:58:41'),(63,9,22,'Bandung','2021-06-04 08:58:42','2021-06-04 08:58:42'),(64,9,23,'Bandung','2021-06-04 08:58:42','2021-06-04 08:58:42'),(65,9,24,'Bandung Barat','2021-06-04 08:58:42','2021-06-04 08:58:42'),(66,9,34,'Banjar','2021-06-04 08:58:42','2021-06-04 08:58:42'),(67,9,54,'Bekasi','2021-06-04 08:58:42','2021-06-04 08:58:42'),(68,9,55,'Bekasi','2021-06-04 08:58:42','2021-06-04 08:58:42'),(69,9,78,'Bogor','2021-06-04 08:58:42','2021-06-04 08:58:42'),(70,9,79,'Bogor','2021-06-04 08:58:42','2021-06-04 08:58:42'),(71,9,103,'Ciamis','2021-06-04 08:58:42','2021-06-04 08:58:42'),(72,9,104,'Cianjur','2021-06-04 08:58:42','2021-06-04 08:58:42'),(73,9,107,'Cimahi','2021-06-04 08:58:42','2021-06-04 08:58:42'),(74,9,108,'Cirebon','2021-06-04 08:58:42','2021-06-04 08:58:42'),(75,9,109,'Cirebon','2021-06-04 08:58:42','2021-06-04 08:58:42'),(76,9,115,'Depok','2021-06-04 08:58:42','2021-06-04 08:58:42'),(77,9,126,'Garut','2021-06-04 08:58:42','2021-06-04 08:58:42'),(78,9,149,'Indramayu','2021-06-04 08:58:42','2021-06-04 08:58:42'),(79,9,171,'Karawang','2021-06-04 08:58:42','2021-06-04 08:58:42'),(80,9,211,'Kuningan','2021-06-04 08:58:42','2021-06-04 08:58:42'),(81,9,252,'Majalengka','2021-06-04 08:58:42','2021-06-04 08:58:42'),(82,9,332,'Pangandaran','2021-06-04 08:58:42','2021-06-04 08:58:42'),(83,9,376,'Purwakarta','2021-06-04 08:58:42','2021-06-04 08:58:42'),(84,9,428,'Subang','2021-06-04 08:58:42','2021-06-04 08:58:42'),(85,9,430,'Sukabumi','2021-06-04 08:58:42','2021-06-04 08:58:42'),(86,9,431,'Sukabumi','2021-06-04 08:58:42','2021-06-04 08:58:42'),(87,9,440,'Sumedang','2021-06-04 08:58:42','2021-06-04 08:58:42'),(88,9,468,'Tasikmalaya','2021-06-04 08:58:42','2021-06-04 08:58:42'),(89,9,469,'Tasikmalaya','2021-06-04 08:58:42','2021-06-04 08:58:42'),(90,10,37,'Banjarnegara','2021-06-04 08:58:44','2021-06-04 08:58:44'),(91,10,41,'Banyumas','2021-06-04 08:58:44','2021-06-04 08:58:44'),(92,10,49,'Batang','2021-06-04 08:58:44','2021-06-04 08:58:44'),(93,10,76,'Blora','2021-06-04 08:58:44','2021-06-04 08:58:44'),(94,10,91,'Boyolali','2021-06-04 08:58:44','2021-06-04 08:58:44'),(95,10,92,'Brebes','2021-06-04 08:58:44','2021-06-04 08:58:44'),(96,10,105,'Cilacap','2021-06-04 08:58:44','2021-06-04 08:58:44'),(97,10,113,'Demak','2021-06-04 08:58:44','2021-06-04 08:58:44'),(98,10,134,'Grobogan','2021-06-04 08:58:44','2021-06-04 08:58:44'),(99,10,163,'Jepara','2021-06-04 08:58:44','2021-06-04 08:58:44'),(100,10,169,'Karanganyar','2021-06-04 08:58:44','2021-06-04 08:58:44'),(101,10,177,'Kebumen','2021-06-04 08:58:44','2021-06-04 08:58:44'),(102,10,181,'Kendal','2021-06-04 08:58:44','2021-06-04 08:58:44'),(103,10,196,'Klaten','2021-06-04 08:58:44','2021-06-04 08:58:44'),(104,10,209,'Kudus','2021-06-04 08:58:44','2021-06-04 08:58:44'),(105,10,249,'Magelang','2021-06-04 08:58:44','2021-06-04 08:58:44'),(106,10,250,'Magelang','2021-06-04 08:58:44','2021-06-04 08:58:44'),(107,10,344,'Pati','2021-06-04 08:58:44','2021-06-04 08:58:44'),(108,10,348,'Pekalongan','2021-06-04 08:58:44','2021-06-04 08:58:44'),(109,10,349,'Pekalongan','2021-06-04 08:58:44','2021-06-04 08:58:44'),(110,10,352,'Pemalang','2021-06-04 08:58:44','2021-06-04 08:58:44'),(111,10,375,'Purbalingga','2021-06-04 08:58:44','2021-06-04 08:58:44'),(112,10,377,'Purworejo','2021-06-04 08:58:44','2021-06-04 08:58:44'),(113,10,380,'Rembang','2021-06-04 08:58:44','2021-06-04 08:58:44'),(114,10,386,'Salatiga','2021-06-04 08:58:44','2021-06-04 08:58:44'),(115,10,398,'Semarang','2021-06-04 08:58:44','2021-06-04 08:58:44'),(116,10,399,'Semarang','2021-06-04 08:58:44','2021-06-04 08:58:44'),(117,10,427,'Sragen','2021-06-04 08:58:44','2021-06-04 08:58:44'),(118,10,433,'Sukoharjo','2021-06-04 08:58:44','2021-06-04 08:58:44'),(119,10,445,'Surakarta (Solo)','2021-06-04 08:58:44','2021-06-04 08:58:44'),(120,10,472,'Tegal','2021-06-04 08:58:44','2021-06-04 08:58:44'),(121,10,473,'Tegal','2021-06-04 08:58:44','2021-06-04 08:58:44'),(122,10,476,'Temanggung','2021-06-04 08:58:44','2021-06-04 08:58:44'),(123,10,497,'Wonogiri','2021-06-04 08:58:44','2021-06-04 08:58:44'),(124,10,498,'Wonosobo','2021-06-04 08:58:44','2021-06-04 08:58:44'),(125,11,31,'Bangkalan','2021-06-04 08:58:45','2021-06-04 08:58:45'),(126,11,42,'Banyuwangi','2021-06-04 08:58:45','2021-06-04 08:58:45'),(127,11,51,'Batu','2021-06-04 08:58:45','2021-06-04 08:58:45'),(128,11,74,'Blitar','2021-06-04 08:58:45','2021-06-04 08:58:45'),(129,11,75,'Blitar','2021-06-04 08:58:45','2021-06-04 08:58:45'),(130,11,80,'Bojonegoro','2021-06-04 08:58:45','2021-06-04 08:58:45'),(131,11,86,'Bondowoso','2021-06-04 08:58:45','2021-06-04 08:58:45'),(132,11,133,'Gresik','2021-06-04 08:58:45','2021-06-04 08:58:45'),(133,11,160,'Jember','2021-06-04 08:58:45','2021-06-04 08:58:45'),(134,11,164,'Jombang','2021-06-04 08:58:45','2021-06-04 08:58:45'),(135,11,178,'Kediri','2021-06-04 08:58:45','2021-06-04 08:58:45'),(136,11,179,'Kediri','2021-06-04 08:58:45','2021-06-04 08:58:45'),(137,11,222,'Lamongan','2021-06-04 08:58:45','2021-06-04 08:58:45'),(138,11,243,'Lumajang','2021-06-04 08:58:45','2021-06-04 08:58:45'),(139,11,247,'Madiun','2021-06-04 08:58:45','2021-06-04 08:58:45'),(140,11,248,'Madiun','2021-06-04 08:58:45','2021-06-04 08:58:45'),(141,11,251,'Magetan','2021-06-04 08:58:45','2021-06-04 08:58:45'),(142,11,255,'Malang','2021-06-04 08:58:45','2021-06-04 08:58:45'),(143,11,256,'Malang','2021-06-04 08:58:45','2021-06-04 08:58:45'),(144,11,289,'Mojokerto','2021-06-04 08:58:45','2021-06-04 08:58:45'),(145,11,290,'Mojokerto','2021-06-04 08:58:45','2021-06-04 08:58:45'),(146,11,305,'Nganjuk','2021-06-04 08:58:45','2021-06-04 08:58:45'),(147,11,306,'Ngawi','2021-06-04 08:58:45','2021-06-04 08:58:45'),(148,11,317,'Pacitan','2021-06-04 08:58:45','2021-06-04 08:58:45'),(149,11,330,'Pamekasan','2021-06-04 08:58:45','2021-06-04 08:58:45'),(150,11,342,'Pasuruan','2021-06-04 08:58:45','2021-06-04 08:58:45'),(151,11,343,'Pasuruan','2021-06-04 08:58:45','2021-06-04 08:58:45'),(152,11,363,'Ponorogo','2021-06-04 08:58:45','2021-06-04 08:58:45'),(153,11,369,'Probolinggo','2021-06-04 08:58:45','2021-06-04 08:58:45'),(154,11,370,'Probolinggo','2021-06-04 08:58:45','2021-06-04 08:58:45'),(155,11,390,'Sampang','2021-06-04 08:58:45','2021-06-04 08:58:45'),(156,11,409,'Sidoarjo','2021-06-04 08:58:45','2021-06-04 08:58:45'),(157,11,418,'Situbondo','2021-06-04 08:58:45','2021-06-04 08:58:45'),(158,11,441,'Sumenep','2021-06-04 08:58:45','2021-06-04 08:58:45'),(159,11,444,'Surabaya','2021-06-04 08:58:45','2021-06-04 08:58:45'),(160,11,487,'Trenggalek','2021-06-04 08:58:45','2021-06-04 08:58:45'),(161,11,489,'Tuban','2021-06-04 08:58:45','2021-06-04 08:58:45'),(162,11,492,'Tulungagung','2021-06-04 08:58:45','2021-06-04 08:58:45'),(163,12,61,'Bengkayang','2021-06-04 08:58:46','2021-06-04 08:58:46'),(164,12,168,'Kapuas Hulu','2021-06-04 08:58:46','2021-06-04 08:58:46'),(165,12,176,'Kayong Utara','2021-06-04 08:58:46','2021-06-04 08:58:46'),(166,12,195,'Ketapang','2021-06-04 08:58:46','2021-06-04 08:58:46'),(167,12,208,'Kubu Raya','2021-06-04 08:58:46','2021-06-04 08:58:46'),(168,12,228,'Landak','2021-06-04 08:58:46','2021-06-04 08:58:46'),(169,12,279,'Melawi','2021-06-04 08:58:46','2021-06-04 08:58:46'),(170,12,364,'Pontianak','2021-06-04 08:58:46','2021-06-04 08:58:46'),(171,12,365,'Pontianak','2021-06-04 08:58:46','2021-06-04 08:58:46'),(172,12,388,'Sambas','2021-06-04 08:58:46','2021-06-04 08:58:46'),(173,12,391,'Sanggau','2021-06-04 08:58:46','2021-06-04 08:58:46'),(174,12,395,'Sekadau','2021-06-04 08:58:46','2021-06-04 08:58:46'),(175,12,415,'Singkawang','2021-06-04 08:58:46','2021-06-04 08:58:46'),(176,12,417,'Sintang','2021-06-04 08:58:46','2021-06-04 08:58:46'),(177,13,18,'Balangan','2021-06-04 08:58:48','2021-06-04 08:58:48'),(178,13,33,'Banjar','2021-06-04 08:58:48','2021-06-04 08:58:48'),(179,13,35,'Banjarbaru','2021-06-04 08:58:48','2021-06-04 08:58:48'),(180,13,36,'Banjarmasin','2021-06-04 08:58:48','2021-06-04 08:58:48'),(181,13,43,'Barito Kuala','2021-06-04 08:58:48','2021-06-04 08:58:48'),(182,13,143,'Hulu Sungai Selatan','2021-06-04 08:58:48','2021-06-04 08:58:48'),(183,13,144,'Hulu Sungai Tengah','2021-06-04 08:58:48','2021-06-04 08:58:48'),(184,13,145,'Hulu Sungai Utara','2021-06-04 08:58:48','2021-06-04 08:58:48'),(185,13,203,'Kotabaru','2021-06-04 08:58:48','2021-06-04 08:58:48'),(186,13,446,'Tabalong','2021-06-04 08:58:48','2021-06-04 08:58:48'),(187,13,452,'Tanah Bumbu','2021-06-04 08:58:48','2021-06-04 08:58:48'),(188,13,454,'Tanah Laut','2021-06-04 08:58:48','2021-06-04 08:58:48'),(189,13,466,'Tapin','2021-06-04 08:58:48','2021-06-04 08:58:48'),(190,14,44,'Barito Selatan','2021-06-04 08:58:49','2021-06-04 08:58:49'),(191,14,45,'Barito Timur','2021-06-04 08:58:49','2021-06-04 08:58:49'),(192,14,46,'Barito Utara','2021-06-04 08:58:49','2021-06-04 08:58:49'),(193,14,136,'Gunung Mas','2021-06-04 08:58:49','2021-06-04 08:58:49'),(194,14,167,'Kapuas','2021-06-04 08:58:49','2021-06-04 08:58:49'),(195,14,174,'Katingan','2021-06-04 08:58:49','2021-06-04 08:58:49'),(196,14,205,'Kotawaringin Barat','2021-06-04 08:58:49','2021-06-04 08:58:49'),(197,14,206,'Kotawaringin Timur','2021-06-04 08:58:49','2021-06-04 08:58:49'),(198,14,221,'Lamandau','2021-06-04 08:58:49','2021-06-04 08:58:49'),(199,14,296,'Murung Raya','2021-06-04 08:58:49','2021-06-04 08:58:49'),(200,14,326,'Palangka Raya','2021-06-04 08:58:49','2021-06-04 08:58:49'),(201,14,371,'Pulang Pisau','2021-06-04 08:58:49','2021-06-04 08:58:49'),(202,14,405,'Seruyan','2021-06-04 08:58:49','2021-06-04 08:58:49'),(203,14,432,'Sukamara','2021-06-04 08:58:49','2021-06-04 08:58:49'),(204,15,19,'Balikpapan','2021-06-04 08:58:50','2021-06-04 08:58:50'),(205,15,66,'Berau','2021-06-04 08:58:50','2021-06-04 08:58:50'),(206,15,89,'Bontang','2021-06-04 08:58:50','2021-06-04 08:58:50'),(207,15,214,'Kutai Barat','2021-06-04 08:58:50','2021-06-04 08:58:50'),(208,15,215,'Kutai Kartanegara','2021-06-04 08:58:50','2021-06-04 08:58:50'),(209,15,216,'Kutai Timur','2021-06-04 08:58:50','2021-06-04 08:58:50'),(210,15,341,'Paser','2021-06-04 08:58:50','2021-06-04 08:58:50'),(211,15,354,'Penajam Paser Utara','2021-06-04 08:58:50','2021-06-04 08:58:50'),(212,15,387,'Samarinda','2021-06-04 08:58:50','2021-06-04 08:58:50'),(213,16,96,'Bulungan (Bulongan)','2021-06-04 08:58:52','2021-06-04 08:58:52'),(214,16,257,'Malinau','2021-06-04 08:58:52','2021-06-04 08:58:52'),(215,16,311,'Nunukan','2021-06-04 08:58:52','2021-06-04 08:58:52'),(216,16,450,'Tana Tidung','2021-06-04 08:58:52','2021-06-04 08:58:52'),(217,16,467,'Tarakan','2021-06-04 08:58:52','2021-06-04 08:58:52'),(218,17,48,'Batam','2021-06-04 08:58:53','2021-06-04 08:58:53'),(219,17,71,'Bintan','2021-06-04 08:58:53','2021-06-04 08:58:53'),(220,17,172,'Karimun','2021-06-04 08:58:53','2021-06-04 08:58:53'),(221,17,184,'Kepulauan Anambas','2021-06-04 08:58:53','2021-06-04 08:58:53'),(222,17,237,'Lingga','2021-06-04 08:58:53','2021-06-04 08:58:53'),(223,17,302,'Natuna','2021-06-04 08:58:53','2021-06-04 08:58:53'),(224,17,462,'Tanjung Pinang','2021-06-04 08:58:53','2021-06-04 08:58:53'),(225,18,21,'Bandar Lampung','2021-06-04 08:58:54','2021-06-04 08:58:54'),(226,18,223,'Lampung Barat','2021-06-04 08:58:54','2021-06-04 08:58:54'),(227,18,224,'Lampung Selatan','2021-06-04 08:58:54','2021-06-04 08:58:54'),(228,18,225,'Lampung Tengah','2021-06-04 08:58:54','2021-06-04 08:58:54'),(229,18,226,'Lampung Timur','2021-06-04 08:58:54','2021-06-04 08:58:54'),(230,18,227,'Lampung Utara','2021-06-04 08:58:54','2021-06-04 08:58:54'),(231,18,282,'Mesuji','2021-06-04 08:58:54','2021-06-04 08:58:54'),(232,18,283,'Metro','2021-06-04 08:58:54','2021-06-04 08:58:54'),(233,18,355,'Pesawaran','2021-06-04 08:58:54','2021-06-04 08:58:54'),(234,18,356,'Pesisir Barat','2021-06-04 08:58:54','2021-06-04 08:58:54'),(235,18,368,'Pringsewu','2021-06-04 08:58:54','2021-06-04 08:58:54'),(236,18,458,'Tanggamus','2021-06-04 08:58:54','2021-06-04 08:58:54'),(237,18,490,'Tulang Bawang','2021-06-04 08:58:54','2021-06-04 08:58:54'),(238,18,491,'Tulang Bawang Barat','2021-06-04 08:58:54','2021-06-04 08:58:54'),(239,18,496,'Way Kanan','2021-06-04 08:58:54','2021-06-04 08:58:54'),(240,19,14,'Ambon','2021-06-04 08:58:56','2021-06-04 08:58:56'),(241,19,99,'Buru','2021-06-04 08:58:56','2021-06-04 08:58:56'),(242,19,100,'Buru Selatan','2021-06-04 08:58:56','2021-06-04 08:58:56'),(243,19,185,'Kepulauan Aru','2021-06-04 08:58:56','2021-06-04 08:58:56'),(244,19,258,'Maluku Barat Daya','2021-06-04 08:58:56','2021-06-04 08:58:56'),(245,19,259,'Maluku Tengah','2021-06-04 08:58:56','2021-06-04 08:58:56'),(246,19,260,'Maluku Tenggara','2021-06-04 08:58:56','2021-06-04 08:58:56'),(247,19,261,'Maluku Tenggara Barat','2021-06-04 08:58:56','2021-06-04 08:58:56'),(248,19,400,'Seram Bagian Barat','2021-06-04 08:58:56','2021-06-04 08:58:56'),(249,19,401,'Seram Bagian Timur','2021-06-04 08:58:56','2021-06-04 08:58:56'),(250,19,488,'Tual','2021-06-04 08:58:56','2021-06-04 08:58:56'),(251,20,138,'Halmahera Barat','2021-06-04 08:58:57','2021-06-04 08:58:57'),(252,20,139,'Halmahera Selatan','2021-06-04 08:58:57','2021-06-04 08:58:57'),(253,20,140,'Halmahera Tengah','2021-06-04 08:58:57','2021-06-04 08:58:57'),(254,20,141,'Halmahera Timur','2021-06-04 08:58:57','2021-06-04 08:58:57'),(255,20,142,'Halmahera Utara','2021-06-04 08:58:57','2021-06-04 08:58:57'),(256,20,191,'Kepulauan Sula','2021-06-04 08:58:57','2021-06-04 08:58:57'),(257,20,372,'Pulau Morotai','2021-06-04 08:58:57','2021-06-04 08:58:57'),(258,20,477,'Ternate','2021-06-04 08:58:57','2021-06-04 08:58:57'),(259,20,478,'Tidore Kepulauan','2021-06-04 08:58:57','2021-06-04 08:58:57'),(260,21,1,'Aceh Barat','2021-06-04 08:58:59','2021-06-04 08:58:59'),(261,21,2,'Aceh Barat Daya','2021-06-04 08:58:59','2021-06-04 08:58:59'),(262,21,3,'Aceh Besar','2021-06-04 08:58:59','2021-06-04 08:58:59'),(263,21,4,'Aceh Jaya','2021-06-04 08:58:59','2021-06-04 08:58:59'),(264,21,5,'Aceh Selatan','2021-06-04 08:58:59','2021-06-04 08:58:59'),(265,21,6,'Aceh Singkil','2021-06-04 08:58:59','2021-06-04 08:58:59'),(266,21,7,'Aceh Tamiang','2021-06-04 08:58:59','2021-06-04 08:58:59'),(267,21,8,'Aceh Tengah','2021-06-04 08:58:59','2021-06-04 08:58:59'),(268,21,9,'Aceh Tenggara','2021-06-04 08:58:59','2021-06-04 08:58:59'),(269,21,10,'Aceh Timur','2021-06-04 08:58:59','2021-06-04 08:58:59'),(270,21,11,'Aceh Utara','2021-06-04 08:58:59','2021-06-04 08:58:59'),(271,21,20,'Banda Aceh','2021-06-04 08:58:59','2021-06-04 08:58:59'),(272,21,59,'Bener Meriah','2021-06-04 08:58:59','2021-06-04 08:58:59'),(273,21,72,'Bireuen','2021-06-04 08:58:59','2021-06-04 08:58:59'),(274,21,127,'Gayo Lues','2021-06-04 08:58:59','2021-06-04 08:58:59'),(275,21,230,'Langsa','2021-06-04 08:58:59','2021-06-04 08:58:59'),(276,21,235,'Lhokseumawe','2021-06-04 08:58:59','2021-06-04 08:58:59'),(277,21,300,'Nagan Raya','2021-06-04 08:58:59','2021-06-04 08:58:59'),(278,21,358,'Pidie','2021-06-04 08:58:59','2021-06-04 08:58:59'),(279,21,359,'Pidie Jaya','2021-06-04 08:58:59','2021-06-04 08:58:59'),(280,21,384,'Sabang','2021-06-04 08:58:59','2021-06-04 08:58:59'),(281,21,414,'Simeulue','2021-06-04 08:58:59','2021-06-04 08:58:59'),(282,21,429,'Subulussalam','2021-06-04 08:58:59','2021-06-04 08:58:59'),(283,22,68,'Bima','2021-06-04 08:59:00','2021-06-04 08:59:00'),(284,22,69,'Bima','2021-06-04 08:59:00','2021-06-04 08:59:00'),(285,22,118,'Dompu','2021-06-04 08:59:00','2021-06-04 08:59:00'),(286,22,238,'Lombok Barat','2021-06-04 08:59:00','2021-06-04 08:59:00'),(287,22,239,'Lombok Tengah','2021-06-04 08:59:00','2021-06-04 08:59:00'),(288,22,240,'Lombok Timur','2021-06-04 08:59:00','2021-06-04 08:59:00'),(289,22,241,'Lombok Utara','2021-06-04 08:59:00','2021-06-04 08:59:00'),(290,22,276,'Mataram','2021-06-04 08:59:00','2021-06-04 08:59:00'),(291,22,438,'Sumbawa','2021-06-04 08:59:00','2021-06-04 08:59:00'),(292,22,439,'Sumbawa Barat','2021-06-04 08:59:00','2021-06-04 08:59:00'),(293,23,13,'Alor','2021-06-04 08:59:01','2021-06-04 08:59:01'),(294,23,58,'Belu','2021-06-04 08:59:01','2021-06-04 08:59:01'),(295,23,122,'Ende','2021-06-04 08:59:01','2021-06-04 08:59:01'),(296,23,125,'Flores Timur','2021-06-04 08:59:01','2021-06-04 08:59:01'),(297,23,212,'Kupang','2021-06-04 08:59:01','2021-06-04 08:59:01'),(298,23,213,'Kupang','2021-06-04 08:59:01','2021-06-04 08:59:01'),(299,23,234,'Lembata','2021-06-04 08:59:01','2021-06-04 08:59:01'),(300,23,269,'Manggarai','2021-06-04 08:59:01','2021-06-04 08:59:01'),(301,23,270,'Manggarai Barat','2021-06-04 08:59:01','2021-06-04 08:59:01'),(302,23,271,'Manggarai Timur','2021-06-04 08:59:01','2021-06-04 08:59:01'),(303,23,301,'Nagekeo','2021-06-04 08:59:01','2021-06-04 08:59:01'),(304,23,304,'Ngada','2021-06-04 08:59:01','2021-06-04 08:59:01'),(305,23,383,'Rote Ndao','2021-06-04 08:59:01','2021-06-04 08:59:01'),(306,23,385,'Sabu Raijua','2021-06-04 08:59:01','2021-06-04 08:59:01'),(307,23,412,'Sikka','2021-06-04 08:59:01','2021-06-04 08:59:01'),(308,23,434,'Sumba Barat','2021-06-04 08:59:01','2021-06-04 08:59:01'),(309,23,435,'Sumba Barat Daya','2021-06-04 08:59:01','2021-06-04 08:59:01'),(310,23,436,'Sumba Tengah','2021-06-04 08:59:01','2021-06-04 08:59:01'),(311,23,437,'Sumba Timur','2021-06-04 08:59:01','2021-06-04 08:59:01'),(312,23,479,'Timor Tengah Selatan','2021-06-04 08:59:01','2021-06-04 08:59:01'),(313,23,480,'Timor Tengah Utara','2021-06-04 08:59:01','2021-06-04 08:59:01'),(314,24,16,'Asmat','2021-06-04 08:59:03','2021-06-04 08:59:03'),(315,24,67,'Biak Numfor','2021-06-04 08:59:03','2021-06-04 08:59:03'),(316,24,90,'Boven Digoel','2021-06-04 08:59:03','2021-06-04 08:59:03'),(317,24,111,'Deiyai (Deliyai)','2021-06-04 08:59:03','2021-06-04 08:59:03'),(318,24,117,'Dogiyai','2021-06-04 08:59:03','2021-06-04 08:59:03'),(319,24,150,'Intan Jaya','2021-06-04 08:59:03','2021-06-04 08:59:03'),(320,24,157,'Jayapura','2021-06-04 08:59:03','2021-06-04 08:59:03'),(321,24,158,'Jayapura','2021-06-04 08:59:03','2021-06-04 08:59:03'),(322,24,159,'Jayawijaya','2021-06-04 08:59:03','2021-06-04 08:59:03'),(323,24,180,'Keerom','2021-06-04 08:59:03','2021-06-04 08:59:03'),(324,24,193,'Kepulauan Yapen (Yapen Waropen)','2021-06-04 08:59:03','2021-06-04 08:59:03'),(325,24,231,'Lanny Jaya','2021-06-04 08:59:03','2021-06-04 08:59:03'),(326,24,263,'Mamberamo Raya','2021-06-04 08:59:03','2021-06-04 08:59:03'),(327,24,264,'Mamberamo Tengah','2021-06-04 08:59:03','2021-06-04 08:59:03'),(328,24,274,'Mappi','2021-06-04 08:59:03','2021-06-04 08:59:03'),(329,24,281,'Merauke','2021-06-04 08:59:03','2021-06-04 08:59:03'),(330,24,284,'Mimika','2021-06-04 08:59:03','2021-06-04 08:59:03'),(331,24,299,'Nabire','2021-06-04 08:59:03','2021-06-04 08:59:03'),(332,24,303,'Nduga','2021-06-04 08:59:03','2021-06-04 08:59:03'),(333,24,335,'Paniai','2021-06-04 08:59:03','2021-06-04 08:59:03'),(334,24,347,'Pegunungan Bintang','2021-06-04 08:59:03','2021-06-04 08:59:03'),(335,24,373,'Puncak','2021-06-04 08:59:03','2021-06-04 08:59:03'),(336,24,374,'Puncak Jaya','2021-06-04 08:59:03','2021-06-04 08:59:03'),(337,24,392,'Sarmi','2021-06-04 08:59:03','2021-06-04 08:59:03'),(338,24,443,'Supiori','2021-06-04 08:59:03','2021-06-04 08:59:03'),(339,24,484,'Tolikara','2021-06-04 08:59:03','2021-06-04 08:59:03'),(340,24,495,'Waropen','2021-06-04 08:59:03','2021-06-04 08:59:03'),(341,24,499,'Yahukimo','2021-06-04 08:59:03','2021-06-04 08:59:03'),(342,24,500,'Yalimo','2021-06-04 08:59:03','2021-06-04 08:59:03'),(343,25,124,'Fakfak','2021-06-04 08:59:04','2021-06-04 08:59:04'),(344,25,165,'Kaimana','2021-06-04 08:59:04','2021-06-04 08:59:04'),(345,25,272,'Manokwari','2021-06-04 08:59:04','2021-06-04 08:59:04'),(346,25,273,'Manokwari Selatan','2021-06-04 08:59:04','2021-06-04 08:59:04'),(347,25,277,'Maybrat','2021-06-04 08:59:04','2021-06-04 08:59:04'),(348,25,346,'Pegunungan Arfak','2021-06-04 08:59:04','2021-06-04 08:59:04'),(349,25,378,'Raja Ampat','2021-06-04 08:59:04','2021-06-04 08:59:04'),(350,25,424,'Sorong','2021-06-04 08:59:04','2021-06-04 08:59:04'),(351,25,425,'Sorong','2021-06-04 08:59:04','2021-06-04 08:59:04'),(352,25,426,'Sorong Selatan','2021-06-04 08:59:04','2021-06-04 08:59:04'),(353,25,449,'Tambrauw','2021-06-04 08:59:04','2021-06-04 08:59:04'),(354,25,474,'Teluk Bintuni','2021-06-04 08:59:04','2021-06-04 08:59:04'),(355,25,475,'Teluk Wondama','2021-06-04 08:59:04','2021-06-04 08:59:04'),(356,26,60,'Bengkalis','2021-06-04 08:59:05','2021-06-04 08:59:05'),(357,26,120,'Dumai','2021-06-04 08:59:05','2021-06-04 08:59:05'),(358,26,147,'Indragiri Hilir','2021-06-04 08:59:05','2021-06-04 08:59:05'),(359,26,148,'Indragiri Hulu','2021-06-04 08:59:05','2021-06-04 08:59:05'),(360,26,166,'Kampar','2021-06-04 08:59:05','2021-06-04 08:59:05'),(361,26,187,'Kepulauan Meranti','2021-06-04 08:59:05','2021-06-04 08:59:05'),(362,26,207,'Kuantan Singingi','2021-06-04 08:59:05','2021-06-04 08:59:05'),(363,26,350,'Pekanbaru','2021-06-04 08:59:05','2021-06-04 08:59:05'),(364,26,351,'Pelalawan','2021-06-04 08:59:05','2021-06-04 08:59:05'),(365,26,381,'Rokan Hilir','2021-06-04 08:59:05','2021-06-04 08:59:05'),(366,26,382,'Rokan Hulu','2021-06-04 08:59:05','2021-06-04 08:59:05'),(367,26,406,'Siak','2021-06-04 08:59:05','2021-06-04 08:59:05'),(368,27,253,'Majene','2021-06-04 08:59:07','2021-06-04 08:59:07'),(369,27,262,'Mamasa','2021-06-04 08:59:07','2021-06-04 08:59:07'),(370,27,265,'Mamuju','2021-06-04 08:59:07','2021-06-04 08:59:07'),(371,27,266,'Mamuju Utara','2021-06-04 08:59:07','2021-06-04 08:59:07'),(372,27,362,'Polewali Mandar','2021-06-04 08:59:07','2021-06-04 08:59:07'),(373,28,38,'Bantaeng','2021-06-04 08:59:08','2021-06-04 08:59:08'),(374,28,47,'Barru','2021-06-04 08:59:08','2021-06-04 08:59:08'),(375,28,87,'Bone','2021-06-04 08:59:08','2021-06-04 08:59:08'),(376,28,95,'Bulukumba','2021-06-04 08:59:08','2021-06-04 08:59:08'),(377,28,123,'Enrekang','2021-06-04 08:59:08','2021-06-04 08:59:08'),(378,28,132,'Gowa','2021-06-04 08:59:08','2021-06-04 08:59:08'),(379,28,162,'Jeneponto','2021-06-04 08:59:08','2021-06-04 08:59:08'),(380,28,244,'Luwu','2021-06-04 08:59:08','2021-06-04 08:59:08'),(381,28,245,'Luwu Timur','2021-06-04 08:59:08','2021-06-04 08:59:08'),(382,28,246,'Luwu Utara','2021-06-04 08:59:08','2021-06-04 08:59:08'),(383,28,254,'Makassar','2021-06-04 08:59:08','2021-06-04 08:59:08'),(384,28,275,'Maros','2021-06-04 08:59:08','2021-06-04 08:59:08'),(385,28,328,'Palopo','2021-06-04 08:59:08','2021-06-04 08:59:08'),(386,28,333,'Pangkajene Kepulauan','2021-06-04 08:59:08','2021-06-04 08:59:08'),(387,28,336,'Parepare','2021-06-04 08:59:08','2021-06-04 08:59:08'),(388,28,360,'Pinrang','2021-06-04 08:59:08','2021-06-04 08:59:08'),(389,28,396,'Selayar (Kepulauan Selayar)','2021-06-04 08:59:08','2021-06-04 08:59:08'),(390,28,408,'Sidenreng Rappang/Rapang','2021-06-04 08:59:08','2021-06-04 08:59:08'),(391,28,416,'Sinjai','2021-06-04 08:59:08','2021-06-04 08:59:08'),(392,28,423,'Soppeng','2021-06-04 08:59:08','2021-06-04 08:59:08'),(393,28,448,'Takalar','2021-06-04 08:59:08','2021-06-04 08:59:08'),(394,28,451,'Tana Toraja','2021-06-04 08:59:08','2021-06-04 08:59:08'),(395,28,486,'Toraja Utara','2021-06-04 08:59:08','2021-06-04 08:59:08'),(396,28,493,'Wajo','2021-06-04 08:59:08','2021-06-04 08:59:08'),(397,29,25,'Banggai','2021-06-04 08:59:09','2021-06-04 08:59:09'),(398,29,26,'Banggai Kepulauan','2021-06-04 08:59:09','2021-06-04 08:59:09'),(399,29,98,'Buol','2021-06-04 08:59:09','2021-06-04 08:59:09'),(400,29,119,'Donggala','2021-06-04 08:59:09','2021-06-04 08:59:09'),(401,29,291,'Morowali','2021-06-04 08:59:09','2021-06-04 08:59:09'),(402,29,329,'Palu','2021-06-04 08:59:09','2021-06-04 08:59:09'),(403,29,338,'Parigi Moutong','2021-06-04 08:59:09','2021-06-04 08:59:09'),(404,29,366,'Poso','2021-06-04 08:59:09','2021-06-04 08:59:09'),(405,29,410,'Sigi','2021-06-04 08:59:09','2021-06-04 08:59:09'),(406,29,482,'Tojo Una-Una','2021-06-04 08:59:09','2021-06-04 08:59:09'),(407,29,483,'Toli-Toli','2021-06-04 08:59:09','2021-06-04 08:59:09'),(408,30,53,'Bau-Bau','2021-06-04 08:59:11','2021-06-04 08:59:11'),(409,30,85,'Bombana','2021-06-04 08:59:11','2021-06-04 08:59:11'),(410,30,101,'Buton','2021-06-04 08:59:11','2021-06-04 08:59:11'),(411,30,102,'Buton Utara','2021-06-04 08:59:11','2021-06-04 08:59:11'),(412,30,182,'Kendari','2021-06-04 08:59:11','2021-06-04 08:59:11'),(413,30,198,'Kolaka','2021-06-04 08:59:11','2021-06-04 08:59:11'),(414,30,199,'Kolaka Utara','2021-06-04 08:59:11','2021-06-04 08:59:11'),(415,30,200,'Konawe','2021-06-04 08:59:11','2021-06-04 08:59:11'),(416,30,201,'Konawe Selatan','2021-06-04 08:59:11','2021-06-04 08:59:11'),(417,30,202,'Konawe Utara','2021-06-04 08:59:11','2021-06-04 08:59:11'),(418,30,295,'Muna','2021-06-04 08:59:11','2021-06-04 08:59:11'),(419,30,494,'Wakatobi','2021-06-04 08:59:11','2021-06-04 08:59:11'),(420,31,73,'Bitung','2021-06-04 08:59:12','2021-06-04 08:59:12'),(421,31,81,'Bolaang Mongondow (Bolmong)','2021-06-04 08:59:12','2021-06-04 08:59:12'),(422,31,82,'Bolaang Mongondow Selatan','2021-06-04 08:59:12','2021-06-04 08:59:12'),(423,31,83,'Bolaang Mongondow Timur','2021-06-04 08:59:12','2021-06-04 08:59:12'),(424,31,84,'Bolaang Mongondow Utara','2021-06-04 08:59:12','2021-06-04 08:59:12'),(425,31,188,'Kepulauan Sangihe','2021-06-04 08:59:12','2021-06-04 08:59:12'),(426,31,190,'Kepulauan Siau Tagulandang Biaro (Sitaro)','2021-06-04 08:59:12','2021-06-04 08:59:12'),(427,31,192,'Kepulauan Talaud','2021-06-04 08:59:12','2021-06-04 08:59:12'),(428,31,204,'Kotamobagu','2021-06-04 08:59:12','2021-06-04 08:59:12'),(429,31,267,'Manado','2021-06-04 08:59:12','2021-06-04 08:59:12'),(430,31,285,'Minahasa','2021-06-04 08:59:12','2021-06-04 08:59:12'),(431,31,286,'Minahasa Selatan','2021-06-04 08:59:12','2021-06-04 08:59:12'),(432,31,287,'Minahasa Tenggara','2021-06-04 08:59:12','2021-06-04 08:59:12'),(433,31,288,'Minahasa Utara','2021-06-04 08:59:12','2021-06-04 08:59:12'),(434,31,485,'Tomohon','2021-06-04 08:59:12','2021-06-04 08:59:12'),(435,32,12,'Agam','2021-06-04 08:59:13','2021-06-04 08:59:13'),(436,32,93,'Bukittinggi','2021-06-04 08:59:13','2021-06-04 08:59:13'),(437,32,116,'Dharmasraya','2021-06-04 08:59:13','2021-06-04 08:59:13'),(438,32,186,'Kepulauan Mentawai','2021-06-04 08:59:13','2021-06-04 08:59:13'),(439,32,236,'Lima Puluh Koto/Kota','2021-06-04 08:59:13','2021-06-04 08:59:13'),(440,32,318,'Padang','2021-06-04 08:59:13','2021-06-04 08:59:13'),(441,32,321,'Padang Panjang','2021-06-04 08:59:13','2021-06-04 08:59:13'),(442,32,322,'Padang Pariaman','2021-06-04 08:59:13','2021-06-04 08:59:13'),(443,32,337,'Pariaman','2021-06-04 08:59:13','2021-06-04 08:59:13'),(444,32,339,'Pasaman','2021-06-04 08:59:13','2021-06-04 08:59:13'),(445,32,340,'Pasaman Barat','2021-06-04 08:59:13','2021-06-04 08:59:13'),(446,32,345,'Payakumbuh','2021-06-04 08:59:13','2021-06-04 08:59:13'),(447,32,357,'Pesisir Selatan','2021-06-04 08:59:13','2021-06-04 08:59:13'),(448,32,394,'Sawah Lunto','2021-06-04 08:59:13','2021-06-04 08:59:13'),(449,32,411,'Sijunjung (Sawah Lunto Sijunjung)','2021-06-04 08:59:13','2021-06-04 08:59:13'),(450,32,420,'Solok','2021-06-04 08:59:13','2021-06-04 08:59:13'),(451,32,421,'Solok','2021-06-04 08:59:13','2021-06-04 08:59:13'),(452,32,422,'Solok Selatan','2021-06-04 08:59:13','2021-06-04 08:59:13'),(453,32,453,'Tanah Datar','2021-06-04 08:59:13','2021-06-04 08:59:13'),(454,33,40,'Banyuasin','2021-06-04 08:59:15','2021-06-04 08:59:15'),(455,33,121,'Empat Lawang','2021-06-04 08:59:15','2021-06-04 08:59:15'),(456,33,220,'Lahat','2021-06-04 08:59:15','2021-06-04 08:59:15'),(457,33,242,'Lubuk Linggau','2021-06-04 08:59:15','2021-06-04 08:59:15'),(458,33,292,'Muara Enim','2021-06-04 08:59:15','2021-06-04 08:59:15'),(459,33,297,'Musi Banyuasin','2021-06-04 08:59:15','2021-06-04 08:59:15'),(460,33,298,'Musi Rawas','2021-06-04 08:59:15','2021-06-04 08:59:15'),(461,33,312,'Ogan Ilir','2021-06-04 08:59:15','2021-06-04 08:59:15'),(462,33,313,'Ogan Komering Ilir','2021-06-04 08:59:15','2021-06-04 08:59:15'),(463,33,314,'Ogan Komering Ulu','2021-06-04 08:59:15','2021-06-04 08:59:15'),(464,33,315,'Ogan Komering Ulu Selatan','2021-06-04 08:59:15','2021-06-04 08:59:15'),(465,33,316,'Ogan Komering Ulu Timur','2021-06-04 08:59:15','2021-06-04 08:59:15'),(466,33,324,'Pagar Alam','2021-06-04 08:59:15','2021-06-04 08:59:15'),(467,33,327,'Palembang','2021-06-04 08:59:15','2021-06-04 08:59:15'),(468,33,367,'Prabumulih','2021-06-04 08:59:15','2021-06-04 08:59:15'),(469,34,15,'Asahan','2021-06-04 08:59:16','2021-06-04 08:59:16'),(470,34,52,'Batu Bara','2021-06-04 08:59:16','2021-06-04 08:59:16'),(471,34,70,'Binjai','2021-06-04 08:59:16','2021-06-04 08:59:16'),(472,34,110,'Dairi','2021-06-04 08:59:16','2021-06-04 08:59:16'),(473,34,112,'Deli Serdang','2021-06-04 08:59:16','2021-06-04 08:59:16'),(474,34,137,'Gunungsitoli','2021-06-04 08:59:16','2021-06-04 08:59:16'),(475,34,146,'Humbang Hasundutan','2021-06-04 08:59:16','2021-06-04 08:59:16'),(476,34,173,'Karo','2021-06-04 08:59:16','2021-06-04 08:59:16'),(477,34,217,'Labuhan Batu','2021-06-04 08:59:16','2021-06-04 08:59:16'),(478,34,218,'Labuhan Batu Selatan','2021-06-04 08:59:16','2021-06-04 08:59:16'),(479,34,219,'Labuhan Batu Utara','2021-06-04 08:59:16','2021-06-04 08:59:16'),(480,34,229,'Langkat','2021-06-04 08:59:16','2021-06-04 08:59:16'),(481,34,268,'Mandailing Natal','2021-06-04 08:59:16','2021-06-04 08:59:16'),(482,34,278,'Medan','2021-06-04 08:59:16','2021-06-04 08:59:16'),(483,34,307,'Nias','2021-06-04 08:59:16','2021-06-04 08:59:16'),(484,34,308,'Nias Barat','2021-06-04 08:59:16','2021-06-04 08:59:16'),(485,34,309,'Nias Selatan','2021-06-04 08:59:16','2021-06-04 08:59:16'),(486,34,310,'Nias Utara','2021-06-04 08:59:16','2021-06-04 08:59:16'),(487,34,319,'Padang Lawas','2021-06-04 08:59:16','2021-06-04 08:59:16'),(488,34,320,'Padang Lawas Utara','2021-06-04 08:59:16','2021-06-04 08:59:16'),(489,34,323,'Padang Sidempuan','2021-06-04 08:59:16','2021-06-04 08:59:16'),(490,34,325,'Pakpak Bharat','2021-06-04 08:59:16','2021-06-04 08:59:16'),(491,34,353,'Pematang Siantar','2021-06-04 08:59:16','2021-06-04 08:59:16'),(492,34,389,'Samosir','2021-06-04 08:59:16','2021-06-04 08:59:16'),(493,34,404,'Serdang Bedagai','2021-06-04 08:59:16','2021-06-04 08:59:16'),(494,34,407,'Sibolga','2021-06-04 08:59:16','2021-06-04 08:59:16'),(495,34,413,'Simalungun','2021-06-04 08:59:16','2021-06-04 08:59:16'),(496,34,459,'Tanjung Balai','2021-06-04 08:59:16','2021-06-04 08:59:16'),(497,34,463,'Tapanuli Selatan','2021-06-04 08:59:16','2021-06-04 08:59:16'),(498,34,464,'Tapanuli Tengah','2021-06-04 08:59:16','2021-06-04 08:59:16'),(499,34,465,'Tapanuli Utara','2021-06-04 08:59:16','2021-06-04 08:59:16'),(500,34,470,'Tebing Tinggi','2021-06-04 08:59:16','2021-06-04 08:59:16'),(501,34,481,'Toba Samosir','2021-06-04 08:59:16','2021-06-04 08:59:16');

/*Table structure for table `couriers` */

DROP TABLE IF EXISTS `couriers`;

CREATE TABLE `couriers` (
  `id` int(10) unsigned NOT NULL AUTO_INCREMENT,
  `courier` varchar(191) COLLATE utf8mb4_unicode_ci NOT NULL,
  `created_at` timestamp NULL DEFAULT NULL,
  `updated_at` timestamp NULL DEFAULT NULL,
  PRIMARY KEY (`id`)
) ENGINE=InnoDB AUTO_INCREMENT=11 DEFAULT CHARSET=utf8mb4 COLLATE=utf8mb4_unicode_ci;

/*Data for the table `couriers` */

insert  into `couriers`(`id`,`courier`,`created_at`,`updated_at`) values (1,'JNE','2021-04-17 20:06:28','2021-04-17 20:06:41'),(4,'TIKI','2021-04-19 08:54:42','2021-06-04 14:05:44'),(5,'POS','2021-05-12 12:35:11','2021-06-04 14:05:35');

/*Table structure for table `discounts` */

DROP TABLE IF EXISTS `discounts`;

CREATE TABLE `discounts` (
  `id` int(10) NOT NULL AUTO_INCREMENT,
  `id_product` int(10) unsigned DEFAULT NULL,
  `percentage` int(3) DEFAULT NULL,
  `start` date DEFAULT NULL,
  `end` date DEFAULT NULL,
  `created_at` timestamp NULL DEFAULT NULL,
  `updated_at` timestamp NULL DEFAULT NULL,
  PRIMARY KEY (`id`),
  KEY `id_product` (`id_product`),
  CONSTRAINT `discounts_ibfk_1` FOREIGN KEY (`id_product`) REFERENCES `products` (`id`)
) ENGINE=InnoDB AUTO_INCREMENT=8 DEFAULT CHARSET=latin1;

/*Data for the table `discounts` */

insert  into `discounts`(`id`,`id_product`,`percentage`,`start`,`end`,`created_at`,`updated_at`) values (1,4,15,'2021-05-15','2021-06-30','2021-05-14 13:55:12','2021-05-14 14:43:59'),(6,1,2,'2021-05-14','2021-06-30','2021-05-15 00:05:12','2021-05-15 00:05:12'),(7,1,12,'2021-05-14','2021-06-30','2021-05-15 00:08:11','2021-05-15 00:08:11');

/*Table structure for table `failed_jobs` */

DROP TABLE IF EXISTS `failed_jobs`;

CREATE TABLE `failed_jobs` (
  `id` bigint(20) unsigned NOT NULL AUTO_INCREMENT,
  `uuid` varchar(255) COLLATE utf8mb4_unicode_ci NOT NULL,
  `connection` text COLLATE utf8mb4_unicode_ci NOT NULL,
  `queue` text COLLATE utf8mb4_unicode_ci NOT NULL,
  `payload` longtext COLLATE utf8mb4_unicode_ci NOT NULL,
  `exception` longtext COLLATE utf8mb4_unicode_ci NOT NULL,
  `failed_at` timestamp NOT NULL DEFAULT current_timestamp(),
  PRIMARY KEY (`id`),
  UNIQUE KEY `failed_jobs_uuid_unique` (`uuid`)
) ENGINE=InnoDB DEFAULT CHARSET=utf8mb4 COLLATE=utf8mb4_unicode_ci;

/*Data for the table `failed_jobs` */

/*Table structure for table `migrations` */

DROP TABLE IF EXISTS `migrations`;

CREATE TABLE `migrations` (
  `id` int(10) unsigned NOT NULL AUTO_INCREMENT,
  `migration` varchar(191) COLLATE utf8mb4_unicode_ci NOT NULL,
  `batch` int(11) NOT NULL,
  PRIMARY KEY (`id`)
) ENGINE=InnoDB AUTO_INCREMENT=29 DEFAULT CHARSET=utf8mb4 COLLATE=utf8mb4_unicode_ci;

/*Data for the table `migrations` */

insert  into `migrations`(`id`,`migration`,`batch`) values (1,'2014_10_12_000000_create_users_table',1),(2,'2014_10_12_100000_create_password_resets_table',1),(3,'2019_02_15_123603_create_admins_table',1),(4,'2019_02_15_123744_create_sellers_table',1),(5,'2019_02_15_125445_create_products_table',1),(6,'2019_02_15_130341_create_product_images_table',1),(7,'2019_02_15_131114_create_transactions_table',1),(8,'2019_02_15_131132_create_transaction_details_table',1),(9,'2019_02_15_132352_create_product_categories_table',1),(10,'2019_02_15_132701_create_carts_table',1),(11,'2019_02_15_134220_create_wishlists_table',1),(12,'2019_02_16_044815_create_rates_table',1),(13,'2019_02_16_045411_create_product_reviews_table',1),(14,'2019_02_16_062504_create_qna_products_table',1),(15,'2019_02_16_063238_create_shopping_voucers_table',1),(16,'2019_02_16_064643_create_couriers_table',1),(17,'2019_02_16_102028_create_notifications_table',1),(18,'2019_02_16_103007_create_seller_notifications_table',1),(19,'2019_02_16_103024_create_user_notifications_table',1),(20,'2019_08_19_000000_create_failed_jobs_table',2),(21,'2021_04_28_130556_add_deleted_at_to_products_table',2),(22,'2021_05_02_112620_add_deleted_at_to_products_table',3),(23,'2021_05_02_113337_add_deleted_at_to_product_categories_table',4),(24,'2014_10_12_200000_add_two_factor_columns_to_users_table',5),(25,'2019_12_14_000001_create_personal_access_tokens_table',5),(26,'2021_02_28_053154_create_sessions_table',5),(27,'2021_06_02_193536_create_provinces_table',6),(28,'2021_06_02_193549_create_cities_table',6);

/*Table structure for table `password_resets` */

DROP TABLE IF EXISTS `password_resets`;

CREATE TABLE `password_resets` (
  `email` varchar(191) COLLATE utf8mb4_unicode_ci NOT NULL,
  `token` varchar(191) COLLATE utf8mb4_unicode_ci NOT NULL,
  `created_at` timestamp NULL DEFAULT NULL,
  KEY `password_resets_email_index` (`email`)
) ENGINE=InnoDB DEFAULT CHARSET=utf8mb4 COLLATE=utf8mb4_unicode_ci;

/*Data for the table `password_resets` */

/*Table structure for table `personal_access_tokens` */

DROP TABLE IF EXISTS `personal_access_tokens`;

CREATE TABLE `personal_access_tokens` (
  `id` bigint(20) unsigned NOT NULL AUTO_INCREMENT,
  `tokenable_type` varchar(255) COLLATE utf8mb4_unicode_ci NOT NULL,
  `tokenable_id` bigint(20) unsigned NOT NULL,
  `name` varchar(255) COLLATE utf8mb4_unicode_ci NOT NULL,
  `token` varchar(64) COLLATE utf8mb4_unicode_ci NOT NULL,
  `abilities` text COLLATE utf8mb4_unicode_ci DEFAULT NULL,
  `last_used_at` timestamp NULL DEFAULT NULL,
  `created_at` timestamp NULL DEFAULT NULL,
  `updated_at` timestamp NULL DEFAULT NULL,
  PRIMARY KEY (`id`),
  UNIQUE KEY `personal_access_tokens_token_unique` (`token`),
  KEY `personal_access_tokens_tokenable_type_tokenable_id_index` (`tokenable_type`,`tokenable_id`)
) ENGINE=InnoDB DEFAULT CHARSET=utf8mb4 COLLATE=utf8mb4_unicode_ci;

/*Data for the table `personal_access_tokens` */

/*Table structure for table `product_categories` */

DROP TABLE IF EXISTS `product_categories`;

CREATE TABLE `product_categories` (
  `id` int(10) unsigned NOT NULL AUTO_INCREMENT,
  `category_name` varchar(191) COLLATE utf8mb4_unicode_ci NOT NULL,
  `created_at` timestamp NULL DEFAULT NULL,
  `updated_at` timestamp NULL DEFAULT NULL,
  `deleted_at` timestamp NULL DEFAULT NULL,
  PRIMARY KEY (`id`)
) ENGINE=InnoDB AUTO_INCREMENT=9 DEFAULT CHARSET=utf8mb4 COLLATE=utf8mb4_unicode_ci;

/*Data for the table `product_categories` */

insert  into `product_categories`(`id`,`category_name`,`created_at`,`updated_at`,`deleted_at`) values (1,'Handphone',NULL,NULL,NULL),(2,'Kamera',NULL,NULL,NULL),(3,'TV',NULL,NULL,NULL),(4,'Kulkas',NULL,NULL,NULL),(5,'Laptop',NULL,NULL,NULL),(7,'Oven Listrik','2021-04-19 04:01:10','2021-05-02 19:56:33',NULL),(8,'Kipas Angin Listrik','2021-04-20 17:49:07','2021-05-02 19:54:45',NULL);

/*Table structure for table `product_category_details` */

DROP TABLE IF EXISTS `product_category_details`;

CREATE TABLE `product_category_details` (
  `id` int(10) unsigned NOT NULL AUTO_INCREMENT,
  `product_id` int(10) unsigned NOT NULL,
  `category_id` int(10) unsigned NOT NULL,
  `created_at` timestamp NOT NULL DEFAULT current_timestamp() ON UPDATE current_timestamp(),
  `updated_at` timestamp NULL DEFAULT NULL,
  `deleted_at` timestamp NULL DEFAULT NULL,
  PRIMARY KEY (`id`),
  KEY `product_id` (`product_id`),
  KEY `category_id` (`category_id`),
  CONSTRAINT `product_category_details_ibfk_1` FOREIGN KEY (`product_id`) REFERENCES `products` (`id`),
  CONSTRAINT `product_category_details_ibfk_2` FOREIGN KEY (`category_id`) REFERENCES `product_categories` (`id`)
) ENGINE=InnoDB AUTO_INCREMENT=33 DEFAULT CHARSET=latin1;

/*Data for the table `product_category_details` */

insert  into `product_category_details`(`id`,`product_id`,`category_id`,`created_at`,`updated_at`,`deleted_at`) values (1,1,1,'2021-04-17 05:33:14','0000-00-00 00:00:00',NULL),(2,1,2,'2021-04-17 05:33:46','0000-00-00 00:00:00',NULL),(3,2,2,'2021-04-17 11:44:08','0000-00-00 00:00:00',NULL),(4,3,5,'2021-04-17 12:27:38','0000-00-00 00:00:00',NULL),(5,8,1,'2021-04-17 22:13:27','2021-04-17 22:13:27',NULL),(6,8,2,'2021-04-17 22:13:28','2021-04-17 22:13:28',NULL),(9,4,3,'2021-04-19 11:58:36','0000-00-00 00:00:00',NULL),(13,5,4,'2021-04-19 11:59:04','0000-00-00 00:00:00',NULL),(14,6,1,'2021-04-19 11:59:30','0000-00-00 00:00:00',NULL),(15,7,1,'2021-04-19 11:59:45','0000-00-00 00:00:00',NULL),(16,10,7,'2021-04-20 13:21:35','2021-04-20 13:21:35',NULL),(19,12,1,'2021-05-03 03:50:04','2021-05-02 19:50:04','2021-05-02 19:50:04'),(28,11,5,'2021-05-08 20:21:47','2021-05-08 20:21:47',NULL);

/*Table structure for table `product_images` */

DROP TABLE IF EXISTS `product_images`;

CREATE TABLE `product_images` (
  `id` int(10) unsigned NOT NULL AUTO_INCREMENT,
  `product_id` int(10) unsigned NOT NULL,
  `image_name` varchar(191) COLLATE utf8mb4_unicode_ci NOT NULL,
  `created_at` timestamp NULL DEFAULT NULL,
  `updated_at` timestamp NULL DEFAULT NULL,
  `deleted_at` timestamp NULL DEFAULT NULL,
  PRIMARY KEY (`id`),
  KEY `product_id` (`product_id`),
  CONSTRAINT `product_images_ibfk_1` FOREIGN KEY (`product_id`) REFERENCES `products` (`id`)
) ENGINE=InnoDB AUTO_INCREMENT=34 DEFAULT CHARSET=utf8mb4 COLLATE=utf8mb4_unicode_ci;

/*Data for the table `product_images` */

insert  into `product_images`(`id`,`product_id`,`image_name`,`created_at`,`updated_at`,`deleted_at`) values (1,1,'vivoy17.jpg','2021-04-16 03:42:20',NULL,NULL),(2,1,'6079e57f17891-inilah-perbandingan-harga-dan-spesifikasi-vivo-y15-dan-vivo-y17.jpg','2021-04-16 03:42:35','2021-04-17 03:29:03',NULL),(3,2,'canon700d.jpg','2021-04-16 03:42:39','2021-05-15 00:47:24','2021-05-15 00:47:24'),(4,3,'6079f39f7a860-1496191521.jpg','2021-04-16 03:42:49','2021-04-17 04:29:19',NULL),(8,4,'LG_32_in_32LJ500D_L_1.jpg','2021-04-17 04:34:56','2021-04-17 04:34:56',NULL),(9,5,'harga-kulkas-sharp-2-pintu-tanpa-bunga-es.jpg','2021-04-17 12:18:07','2021-04-17 12:18:07',NULL),(10,6,'oppo-reno.jpg','2021-04-17 20:48:26','2021-04-17 20:48:26',NULL),(11,7,'samsung-galaxy-a02s-harga-sejutaan.jpg','2021-04-17 21:34:44','2021-04-17 21:34:44',NULL),(12,8,'OPPO_A15_L_1.jpg','2021-04-17 22:13:27','2021-04-19 03:51:33',NULL),(14,8,'607c91d5b14f8-oppo_oppo_a15_ram_3-32_garansi_resmi_oppo_full03_edf2ytp1.jpg','2021-04-19 12:08:11','2021-04-19 04:08:53',NULL),(15,10,'oven-mito-fantasy-mo-888-1.jpg','2021-04-20 13:21:35','2021-04-20 13:21:35',NULL),(16,11,'Acer-Nitro-5-2.jpg','2021-04-20 13:41:35','2021-04-20 13:41:35',NULL),(17,11,'5faba7e658056.jpg','2021-04-20 13:41:35','2021-04-20 13:41:35',NULL),(18,12,'607ea3251b90d-Acer-Nitro-5-2.jpg','2021-04-20 17:44:37','2021-05-02 19:50:04','2021-05-02 19:50:04'),(20,14,'1778209.jpg','2021-05-03 10:44:56','2021-06-05 15:12:16','2021-06-05 15:12:16'),(21,15,'1e407625b1a91fdbe668061da6a684ab.jpg','2021-05-08 20:25:53','2021-05-15 00:46:51','2021-05-15 00:46:51'),(22,15,'4eee6b0bcf6cc9c8bec921a8ab291975.jpg','2021-05-08 20:25:53','2021-06-05 15:12:13','2021-06-05 15:12:13'),(23,2,'canon700d.jpg','2021-05-15 01:33:48','2021-05-31 03:53:59',NULL),(24,2,'1620984864_01dfefa0b8c90feee70470811e5c6ad8--the-sun-the-ojays.jpg','2021-05-15 01:34:24','2021-05-31 03:53:44','2021-05-31 03:53:44'),(25,2,'1620984864_1d89faac48d93ca3a2b6137578b880dd.jpg','2021-05-15 01:34:24','2021-05-31 03:53:40','2021-05-31 03:53:40'),(26,4,'1620984977_58c8a7cc3af4731d42e272e59ed3406c.jpg','2021-05-15 01:36:17','2021-06-06 05:09:40','2021-06-06 05:09:40'),(27,4,'1620985122_73c13e26b7bab817a0da0939b790e170.jpg','2021-05-15 01:38:42','2021-06-06 05:09:42','2021-06-06 05:09:42'),(28,15,'1621026037_soobin.jpg','2021-05-15 13:00:37','2021-06-05 15:12:13','2021-06-05 15:12:13'),(29,16,'yeonjun.jpg','2021-05-15 13:50:02','2021-06-05 15:12:03','2021-06-05 15:12:03'),(30,16,'1621681835_IMG_20210518_151941.jpg','2021-05-23 03:10:35','2021-05-23 03:12:59','2021-05-23 03:12:59'),(31,16,'1621681880_1905551044_Prabhaisvari Sadhaka_Pemrograman Mobile D_19-5-2021.png','2021-05-23 03:11:20','2021-05-23 03:11:41','2021-05-23 03:11:41'),(32,16,'IMG_20210518_151941.jpg','2021-05-23 03:11:20','2021-06-05 15:12:03','2021-06-05 15:12:03'),(33,6,'1622404562_OPPO_Reno5_L_1.jpg','2021-05-31 03:56:02','2021-05-31 03:56:02',NULL);

/*Table structure for table `product_reviews` */

DROP TABLE IF EXISTS `product_reviews`;

CREATE TABLE `product_reviews` (
  `id` int(10) unsigned NOT NULL AUTO_INCREMENT,
  `product_id` int(10) unsigned NOT NULL,
  `user_id` int(10) unsigned NOT NULL,
  `rate` int(1) NOT NULL,
  `content` text COLLATE utf8mb4_unicode_ci NOT NULL,
  `created_at` timestamp NULL DEFAULT NULL,
  `updated_at` timestamp NULL DEFAULT NULL,
  PRIMARY KEY (`id`),
  KEY `user_id` (`user_id`),
  KEY `rate_id` (`rate`),
  KEY `product_id` (`product_id`),
  CONSTRAINT `product_reviews_ibfk_1` FOREIGN KEY (`user_id`) REFERENCES `users` (`id`),
  CONSTRAINT `product_reviews_ibfk_3` FOREIGN KEY (`product_id`) REFERENCES `products` (`id`)
) ENGINE=InnoDB AUTO_INCREMENT=8 DEFAULT CHARSET=utf8mb4 COLLATE=utf8mb4_unicode_ci;

/*Data for the table `product_reviews` */

insert  into `product_reviews`(`id`,`product_id`,`user_id`,`rate`,`content`,`created_at`,`updated_at`) values (4,3,6,5,'Asus TUF terbaik!','2021-06-05 06:02:16','2021-06-05 06:02:16'),(5,2,6,5,'Lensa tajam banget btw!','2021-06-05 06:32:30','2021-06-05 06:32:30'),(6,4,6,5,'TV mendarat dengan sempurna!','2021-06-05 09:05:43','2021-06-05 09:05:43'),(7,8,6,4,'hapenya bagus','2021-06-05 14:53:27','2021-06-05 14:53:27');

/*Table structure for table `products` */

DROP TABLE IF EXISTS `products`;

CREATE TABLE `products` (
  `id` int(10) unsigned NOT NULL AUTO_INCREMENT,
  `product_name` varchar(191) COLLATE utf8mb4_unicode_ci NOT NULL,
  `price` int(11) NOT NULL,
  `description` text COLLATE utf8mb4_unicode_ci NOT NULL,
  `product_rate` double DEFAULT NULL,
  `created_at` timestamp NULL DEFAULT NULL,
  `updated_at` timestamp NULL DEFAULT NULL,
  `stock` int(10) DEFAULT NULL,
  `weight` int(3) DEFAULT NULL,
  `deleted_at` timestamp NULL DEFAULT NULL,
  PRIMARY KEY (`id`)
) ENGINE=InnoDB AUTO_INCREMENT=17 DEFAULT CHARSET=utf8mb4 COLLATE=utf8mb4_unicode_ci;

/*Data for the table `products` */

insert  into `products`(`id`,`product_name`,`price`,`description`,`product_rate`,`created_at`,`updated_at`,`stock`,`weight`,`deleted_at`) values (1,'Vivo Y17',2000000,'Ini handphone.',NULL,NULL,'2021-04-19 03:52:02',96,1400,NULL),(2,'Canon EOS 700D',5000000,'Ini kamera.',5,NULL,'2021-06-06 05:04:07',32,1000,NULL),(3,'Asus TUF A15',14000000,'Ini laptop gaming terbaru.',5,'2021-04-17 04:23:05','2021-06-05 05:57:35',22,2300,NULL),(4,'LG Digital Smart LED TV',2450000,'Ini TV LED terbaru.',5,'2021-04-17 04:34:56','2021-06-05 09:05:43',13,4000,NULL),(5,'Sharp SJ-F231S',3200000,'Ini kulkas dua pintu.',NULL,'2021-04-17 12:18:07','2021-04-17 12:18:07',38,3000,NULL),(6,'Oppo Reno 5',3500000,'Ini hp Oppo terbaru.',NULL,'2021-04-17 20:48:26','2021-04-17 20:48:26',25,1400,NULL),(7,'Samsung A02S',1700000,'Ini hp Samsung terbaru.',NULL,'2021-04-17 21:34:44','2021-04-17 21:34:44',7,1400,NULL),(8,'Oppo A15',1299000,'Ini handphone terbaru.',4,'2021-04-17 22:13:27','2021-06-05 14:53:27',5,1400,NULL),(10,'Electric Oven FANTASY 33L Mito MO-888 MO888',1300000,'Ini oven listrik.',NULL,'2021-04-20 13:21:35','2021-04-20 13:21:35',17,1400,NULL),(11,'ACER Nitro 5 AN515-54-72T8',18550000,'Ini laptop gaming terbaru',NULL,'2021-04-20 13:41:35','2021-05-08 20:21:46',13,1000,NULL),(12,'Laptop Asus',2000000,'ini laptop',NULL,'2021-04-20 17:44:37','2021-05-02 19:50:04',15,1000,'2021-05-02 19:50:04'),(14,'Oppo',5000000,'hape',NULL,'2021-05-03 10:44:56','2021-06-05 15:12:16',100,1000,'2021-06-05 15:12:16'),(15,'TV',300000,'INI TV',NULL,'2021-05-08 20:25:53','2021-06-05 15:12:13',50,1000,'2021-06-05 15:12:13'),(16,'Kipas angin tornado',100000,'ini kipas angin superrrrrrrrrrrrr',NULL,'2021-05-15 13:50:02','2021-06-05 15:12:03',100,1000,'2021-06-05 15:12:03');

/*Table structure for table `provinces` */

DROP TABLE IF EXISTS `provinces`;

CREATE TABLE `provinces` (
  `id` bigint(20) unsigned NOT NULL AUTO_INCREMENT,
  `province_id` int(10) unsigned NOT NULL,
  `title` varchar(255) COLLATE utf8mb4_unicode_ci NOT NULL,
  `created_at` timestamp NULL DEFAULT NULL,
  `updated_at` timestamp NULL DEFAULT NULL,
  PRIMARY KEY (`id`)
) ENGINE=InnoDB AUTO_INCREMENT=35 DEFAULT CHARSET=utf8mb4 COLLATE=utf8mb4_unicode_ci;

/*Data for the table `provinces` */

insert  into `provinces`(`id`,`province_id`,`title`,`created_at`,`updated_at`) values (1,1,'Bali','2021-06-04 08:58:30','2021-06-04 08:58:30'),(2,2,'Bangka Belitung','2021-06-04 08:58:32','2021-06-04 08:58:32'),(3,3,'Banten','2021-06-04 08:58:33','2021-06-04 08:58:33'),(4,4,'Bengkulu','2021-06-04 08:58:34','2021-06-04 08:58:34'),(5,5,'DI Yogyakarta','2021-06-04 08:58:36','2021-06-04 08:58:36'),(6,6,'DKI Jakarta','2021-06-04 08:58:37','2021-06-04 08:58:37'),(7,7,'Gorontalo','2021-06-04 08:58:38','2021-06-04 08:58:38'),(8,8,'Jambi','2021-06-04 08:58:40','2021-06-04 08:58:40'),(9,9,'Jawa Barat','2021-06-04 08:58:41','2021-06-04 08:58:41'),(10,10,'Jawa Tengah','2021-06-04 08:58:42','2021-06-04 08:58:42'),(11,11,'Jawa Timur','2021-06-04 08:58:44','2021-06-04 08:58:44'),(12,12,'Kalimantan Barat','2021-06-04 08:58:45','2021-06-04 08:58:45'),(13,13,'Kalimantan Selatan','2021-06-04 08:58:46','2021-06-04 08:58:46'),(14,14,'Kalimantan Tengah','2021-06-04 08:58:48','2021-06-04 08:58:48'),(15,15,'Kalimantan Timur','2021-06-04 08:58:49','2021-06-04 08:58:49'),(16,16,'Kalimantan Utara','2021-06-04 08:58:50','2021-06-04 08:58:50'),(17,17,'Kepulauan Riau','2021-06-04 08:58:52','2021-06-04 08:58:52'),(18,18,'Lampung','2021-06-04 08:58:53','2021-06-04 08:58:53'),(19,19,'Maluku','2021-06-04 08:58:54','2021-06-04 08:58:54'),(20,20,'Maluku Utara','2021-06-04 08:58:56','2021-06-04 08:58:56'),(21,21,'Nanggroe Aceh Darussalam (NAD)','2021-06-04 08:58:57','2021-06-04 08:58:57'),(22,22,'Nusa Tenggara Barat (NTB)','2021-06-04 08:58:59','2021-06-04 08:58:59'),(23,23,'Nusa Tenggara Timur (NTT)','2021-06-04 08:59:00','2021-06-04 08:59:00'),(24,24,'Papua','2021-06-04 08:59:01','2021-06-04 08:59:01'),(25,25,'Papua Barat','2021-06-04 08:59:03','2021-06-04 08:59:03'),(26,26,'Riau','2021-06-04 08:59:04','2021-06-04 08:59:04'),(27,27,'Sulawesi Barat','2021-06-04 08:59:05','2021-06-04 08:59:05'),(28,28,'Sulawesi Selatan','2021-06-04 08:59:07','2021-06-04 08:59:07'),(29,29,'Sulawesi Tengah','2021-06-04 08:59:08','2021-06-04 08:59:08'),(30,30,'Sulawesi Tenggara','2021-06-04 08:59:09','2021-06-04 08:59:09'),(31,31,'Sulawesi Utara','2021-06-04 08:59:11','2021-06-04 08:59:11'),(32,32,'Sumatera Barat','2021-06-04 08:59:12','2021-06-04 08:59:12'),(33,33,'Sumatera Selatan','2021-06-04 08:59:13','2021-06-04 08:59:13'),(34,34,'Sumatera Utara','2021-06-04 08:59:15','2021-06-04 08:59:15');

/*Table structure for table `response` */

DROP TABLE IF EXISTS `response`;

CREATE TABLE `response` (
  `id` int(10) unsigned NOT NULL AUTO_INCREMENT,
  `review_id` int(10) unsigned NOT NULL,
  `admin_id` int(10) unsigned NOT NULL,
  `content` text NOT NULL,
  `created_at` timestamp NOT NULL DEFAULT current_timestamp() ON UPDATE current_timestamp(),
  `updated_at` timestamp NOT NULL DEFAULT '0000-00-00 00:00:00',
  PRIMARY KEY (`id`),
  KEY `review_id` (`review_id`),
  KEY `admin_id` (`admin_id`),
  CONSTRAINT `response_ibfk_1` FOREIGN KEY (`review_id`) REFERENCES `product_reviews` (`id`),
  CONSTRAINT `response_ibfk_2` FOREIGN KEY (`admin_id`) REFERENCES `admins` (`id`)
) ENGINE=InnoDB AUTO_INCREMENT=19 DEFAULT CHARSET=latin1;

/*Data for the table `response` */

insert  into `response`(`id`,`review_id`,`admin_id`,`content`,`created_at`,`updated_at`) values (14,4,1,'Terima kasih telah berbelanja!','2021-06-05 06:58:28','2021-06-05 06:58:28'),(15,5,1,'Terima kasih!','2021-06-05 06:58:35','2021-06-05 06:58:35'),(16,6,1,'Terima kasih! -Admin','2021-06-05 09:07:44','2021-06-05 09:07:44'),(18,7,1,'Terima kasih telah berbelanja! :)','2021-06-06 02:38:11','2021-06-06 02:38:11');

/*Table structure for table `sessions` */

DROP TABLE IF EXISTS `sessions`;

CREATE TABLE `sessions` (
  `id` varchar(255) COLLATE utf8mb4_unicode_ci NOT NULL,
  `user_id` bigint(20) unsigned DEFAULT NULL,
  `ip_address` varchar(45) COLLATE utf8mb4_unicode_ci DEFAULT NULL,
  `user_agent` text COLLATE utf8mb4_unicode_ci DEFAULT NULL,
  `payload` text COLLATE utf8mb4_unicode_ci NOT NULL,
  `last_activity` int(11) NOT NULL,
  PRIMARY KEY (`id`),
  KEY `sessions_user_id_index` (`user_id`),
  KEY `sessions_last_activity_index` (`last_activity`)
) ENGINE=InnoDB DEFAULT CHARSET=utf8mb4 COLLATE=utf8mb4_unicode_ci;

/*Data for the table `sessions` */

insert  into `sessions`(`id`,`user_id`,`ip_address`,`user_agent`,`payload`,`last_activity`) values ('II0ZiPqm9Lt13ukBondMbfpP4KUdWuVsJGBXgwri',6,'127.0.0.1','Mozilla/5.0 (Windows NT 10.0; Win64; x64) AppleWebKit/537.36 (KHTML, like Gecko) Chrome/91.0.4472.77 Safari/537.36','YTo0OntzOjY6Il90b2tlbiI7czo0MDoiaEpQYTRlellqa0lBb1kxcEcyS0toaTlUNkJXbmVybjlRaU1kV3RsbyI7czo5OiJfcHJldmlvdXMiO2E6MTp7czozOiJ1cmwiO3M6MjY6Imh0dHA6Ly8xMjcuMC4wLjE6ODAwMC91c2VyIjt9czo2OiJfZmxhc2giO2E6Mjp7czozOiJvbGQiO2E6MDp7fXM6MzoibmV3IjthOjA6e319czo1MToibG9naW5fdXNlcl81OWJhMzZhZGRjMmIyZjk0MDE1ODBmMDE0YzdmNThlYTRlMzA5ODlkIjtpOjY7fQ==',1622958682);

/*Table structure for table `transaction_details` */

DROP TABLE IF EXISTS `transaction_details`;

CREATE TABLE `transaction_details` (
  `id` int(10) unsigned NOT NULL AUTO_INCREMENT,
  `transaction_id` int(10) unsigned NOT NULL,
  `product_id` int(10) unsigned NOT NULL,
  `qty` int(11) NOT NULL,
  `discount` int(3) DEFAULT NULL,
  `selling_price` int(11) DEFAULT NULL,
  `created_at` timestamp NULL DEFAULT NULL,
  `updated_at` timestamp NULL DEFAULT NULL,
  PRIMARY KEY (`id`),
  KEY `id_transaction` (`transaction_id`),
  KEY `id_product` (`product_id`),
  CONSTRAINT `transaction_details_ibfk_1` FOREIGN KEY (`transaction_id`) REFERENCES `transactions` (`id`),
  CONSTRAINT `transaction_details_ibfk_2` FOREIGN KEY (`product_id`) REFERENCES `products` (`id`)
) ENGINE=InnoDB AUTO_INCREMENT=17 DEFAULT CHARSET=utf8mb4 COLLATE=utf8mb4_unicode_ci;

/*Data for the table `transaction_details` */

insert  into `transaction_details`(`id`,`transaction_id`,`product_id`,`qty`,`discount`,`selling_price`,`created_at`,`updated_at`) values (10,13,3,1,0,14000000,'2021-06-05 05:35:04','2021-06-05 05:35:04'),(11,14,11,1,0,18550000,'2021-06-05 06:20:42','2021-06-05 06:20:42'),(12,15,2,1,0,5000000,'2021-06-05 06:23:45','2021-06-05 06:23:45'),(13,16,2,1,0,5000000,'2021-06-05 09:01:10','2021-06-05 09:01:10'),(14,16,4,1,15,2450000,'2021-06-05 09:01:10','2021-06-05 09:01:10'),(15,17,8,2,0,1299000,'2021-06-05 14:44:53','2021-06-05 14:44:53'),(16,18,2,1,0,5000000,'2021-06-06 02:30:54','2021-06-06 02:30:54');

/*Table structure for table `transactions` */

DROP TABLE IF EXISTS `transactions`;

CREATE TABLE `transactions` (
  `id` int(10) unsigned NOT NULL AUTO_INCREMENT,
  `timeout` datetime NOT NULL,
  `address` varchar(191) COLLATE utf8mb4_unicode_ci NOT NULL,
  `regency` varchar(50) COLLATE utf8mb4_unicode_ci NOT NULL,
  `province` varchar(50) COLLATE utf8mb4_unicode_ci NOT NULL,
  `total` double(12,2) NOT NULL,
  `shipping_cost` double(12,2) NOT NULL,
  `sub_total` double(12,2) NOT NULL,
  `user_id` int(20) unsigned NOT NULL,
  `courier_id` int(10) unsigned NOT NULL,
  `proof_of_payment` varchar(191) COLLATE utf8mb4_unicode_ci DEFAULT NULL,
  `created_at` timestamp NULL DEFAULT NULL,
  `updated_at` timestamp NULL DEFAULT NULL,
  `status` enum('unverified','verified','delivered','success','expired','canceled') COLLATE utf8mb4_unicode_ci DEFAULT NULL,
  PRIMARY KEY (`id`),
  KEY `courier_id` (`courier_id`),
  KEY `user_id` (`user_id`),
  CONSTRAINT `transactions_ibfk_1` FOREIGN KEY (`courier_id`) REFERENCES `couriers` (`id`),
  CONSTRAINT `transactions_ibfk_2` FOREIGN KEY (`user_id`) REFERENCES `users` (`id`)
) ENGINE=InnoDB AUTO_INCREMENT=19 DEFAULT CHARSET=utf8mb4 COLLATE=utf8mb4_unicode_ci;

/*Data for the table `transactions` */

insert  into `transactions`(`id`,`timeout`,`address`,`regency`,`province`,`total`,`shipping_cost`,`sub_total`,`user_id`,`courier_id`,`proof_of_payment`,`created_at`,`updated_at`,`status`) values (13,'2021-06-06 13:35:04','Dalung Permai','Bantul','DI Yogyakarta',14036000.00,36000.00,14000000.00,6,1,'1622872349_.jpg','2021-06-05 05:35:04','2021-06-05 06:00:11','success'),(14,'2021-06-06 14:20:42','Dalung Permai','Jakarta Barat','DKI Jakarta',18568000.00,18000.00,18550000.00,6,1,NULL,'2021-06-05 06:20:42','2021-06-05 06:20:52','canceled'),(15,'2021-06-06 14:23:45','Denpasar','Denpasar','Bali',5008000.00,8000.00,5000000.00,6,1,'1622874240_.jpg','2021-06-05 06:23:45','2021-06-05 06:32:09','success'),(16,'2021-06-06 17:01:10','Dalung Permai','Denpasar','Bali',7112500.00,30000.00,7082500.00,6,4,'1622883704_.jpg','2021-06-05 09:01:10','2021-06-05 09:05:03','success'),(17,'2021-06-06 22:44:53','Jalan jalan','Denpasar','Bali',2614000.00,16000.00,2598000.00,6,1,'1622904418_.jpg','2021-06-05 14:44:53','2021-06-05 14:52:32','success'),(18,'2021-06-07 10:30:54','Jalan','Badung','Bali',5009000.00,9000.00,5000000.00,6,1,'1622947192_.jpg','2021-06-06 02:30:54','2021-06-06 05:07:30','success');

/*Table structure for table `user_notifications` */

DROP TABLE IF EXISTS `user_notifications`;

CREATE TABLE `user_notifications` (
  `id` int(11) NOT NULL AUTO_INCREMENT,
  `type` varchar(191) COLLATE utf8mb4_unicode_ci NOT NULL,
  `notifiable_type` varchar(191) COLLATE utf8mb4_unicode_ci NOT NULL,
  `notifiable_id` int(11) unsigned NOT NULL,
  `data` text COLLATE utf8mb4_unicode_ci NOT NULL,
  `read_at` timestamp NULL DEFAULT NULL,
  `created_at` timestamp NULL DEFAULT NULL,
  `updated_at` timestamp NULL DEFAULT NULL,
  PRIMARY KEY (`id`),
  KEY `user_notifications_notifiable_type_notifiable_id_index` (`notifiable_type`,`notifiable_id`),
  KEY `notifiable_id` (`notifiable_id`),
  CONSTRAINT `user_notifications_ibfk_1` FOREIGN KEY (`notifiable_id`) REFERENCES `users` (`id`)
) ENGINE=InnoDB AUTO_INCREMENT=44 DEFAULT CHARSET=utf8mb4 COLLATE=utf8mb4_unicode_ci;

/*Data for the table `user_notifications` */

insert  into `user_notifications`(`id`,`type`,`notifiable_type`,`notifiable_id`,`data`,`read_at`,`created_at`,`updated_at`) values (9,'App\\Notifications\\UserNotification','App\\Models\\Admin',6,'{\"nama\":\"pastibisa\",\"message\":\"Review diresponse!\",\"id\":3,\"category\":\"review\"}','2021-06-05 14:15:51','2021-06-05 06:13:41','2021-06-05 06:15:51'),(10,'App\\Notifications\\UserNotification','App\\Models\\Admin',6,'{\"nama\":\"pastibisa\",\"message\":\"Upload bukti pembayaran!\",\"id\":14,\"category\":\"transaction\"}','2021-06-05 14:21:05','2021-06-05 06:20:42','2021-06-05 06:21:05'),(11,'App\\Notifications\\UserNotification','App\\Models\\Admin',6,'{\"nama\":\"pastibisa\",\"message\":\"Pesanan dibatalkan!\",\"id\":\"14\",\"category\":\"transaction\"}','2021-06-05 14:21:16','2021-06-05 06:20:52','2021-06-05 06:21:16'),(12,'App\\Notifications\\UserNotification','App\\Models\\Admin',6,'{\"nama\":\"pastibisa\",\"message\":\"Upload bukti pembayaran!\",\"id\":15,\"category\":\"transaction\"}','2021-06-05 14:24:06','2021-06-05 06:23:45','2021-06-05 06:24:06'),(13,'App\\Notifications\\UserNotification','App\\Models\\Admin',6,'{\"nama\":\"pastibisa\",\"message\":\"Bukti pembayaran diupload!\",\"id\":\"15\",\"category\":\"transaction\"}','2021-06-05 14:28:31','2021-06-05 06:24:00','2021-06-05 06:28:31'),(14,'App\\Notifications\\UserNotification','App\\Models\\Admin',6,'{\"nama\":\"pastibisa\",\"message\":\"Pesanan terverifikasi!\",\"id\":\"15\",\"category\":\"transaction\"}','2021-06-05 14:31:54','2021-06-05 06:30:00','2021-06-05 06:31:54'),(15,'App\\Notifications\\UserNotification','App\\Models\\Admin',6,'{\"nama\":\"pastibisa\",\"message\":\"Pesanan dibatalkan!\",\"id\":\"15\",\"category\":\"transaction\"}','2021-06-05 14:31:59','2021-06-05 06:30:19','2021-06-05 06:31:59'),(16,'App\\Notifications\\UserNotification','App\\Models\\Admin',6,'{\"nama\":\"pastibisa\",\"message\":\"Pesanan dikirim!\",\"id\":\"15\",\"category\":\"transaction\"}','2021-06-05 14:32:04','2021-06-05 06:31:24','2021-06-05 06:32:04'),(17,'App\\Notifications\\UserNotification','App\\Models\\Admin',6,'{\"nama\":\"pastibisa\",\"message\":\"Pesanan diterima!\",\"id\":\"15\",\"category\":\"transaction\"}','2021-06-05 14:32:13','2021-06-05 06:32:09','2021-06-05 06:32:13'),(18,'App\\Notifications\\UserNotification','App\\Models\\Admin',6,'{\"nama\":\"pastibisa\",\"message\":\"Review dikirimkan!\",\"id\":\"2\",\"category\":\"review\"}','2021-06-05 14:32:37','2021-06-05 06:32:30','2021-06-05 06:32:37'),(19,'App\\Notifications\\UserNotification','App\\Models\\Admin',6,'{\"nama\":\"pastibisa\",\"message\":\"Review diresponse!\",\"id\":2,\"category\":\"review\"}','2021-06-05 14:59:07','2021-06-05 06:33:10','2021-06-05 06:59:07'),(20,'App\\Notifications\\UserNotification','App\\Models\\Admin',6,'{\"nama\":\"pastibisa\",\"message\":\"Review diresponse!\",\"id\":3,\"category\":\"review\"}','2021-06-05 14:59:12','2021-06-05 06:57:28','2021-06-05 06:59:12'),(21,'App\\Notifications\\UserNotification','App\\Models\\Admin',6,'{\"nama\":\"pastibisa\",\"message\":\"Review diresponse!\",\"id\":2,\"category\":\"review\"}','2021-06-05 14:59:18','2021-06-05 06:57:37','2021-06-05 06:59:18'),(22,'App\\Notifications\\UserNotification','App\\Models\\Admin',6,'{\"nama\":\"pastibisa\",\"message\":\"Review diresponse!\",\"id\":3,\"category\":\"review\"}','2021-06-05 14:59:23','2021-06-05 06:58:28','2021-06-05 06:59:23'),(23,'App\\Notifications\\UserNotification','App\\Models\\Admin',6,'{\"nama\":\"pastibisa\",\"message\":\"Review diresponse!\",\"id\":2,\"category\":\"review\"}','2021-06-05 14:59:30','2021-06-05 06:58:35','2021-06-05 06:59:30'),(24,'App\\Notifications\\UserNotification','App\\Models\\Admin',6,'{\"nama\":\"pastibisa\",\"message\":\"Upload bukti pembayaran!\",\"id\":16,\"category\":\"transaction\"}','2021-06-05 17:01:37','2021-06-05 09:01:10','2021-06-05 09:01:37'),(25,'App\\Notifications\\UserNotification','App\\Models\\Admin',6,'{\"nama\":\"pastibisa\",\"message\":\"Bukti pembayaran diupload!\",\"id\":\"16\",\"category\":\"transaction\"}','2021-06-05 17:01:50','2021-06-05 09:01:44','2021-06-05 09:01:50'),(26,'App\\Notifications\\UserNotification','App\\Models\\Admin',6,'{\"nama\":\"pastibisa\",\"message\":\"Pesanan terverifikasi!\",\"id\":\"16\",\"category\":\"transaction\"}','2021-06-05 17:04:58','2021-06-05 09:04:20','2021-06-05 09:04:58'),(27,'App\\Notifications\\UserNotification','App\\Models\\Admin',6,'{\"nama\":\"pastibisa\",\"message\":\"Pesanan dikirim!\",\"id\":\"16\",\"category\":\"transaction\"}','2021-06-05 17:04:54','2021-06-05 09:04:22','2021-06-05 09:04:54'),(28,'App\\Notifications\\UserNotification','App\\Models\\Admin',6,'{\"nama\":\"pastibisa\",\"message\":\"Pesanan diterima!\",\"id\":\"16\",\"category\":\"transaction\"}','2021-06-05 17:05:22','2021-06-05 09:05:03','2021-06-05 09:05:22'),(29,'App\\Notifications\\UserNotification','App\\Models\\Admin',6,'{\"nama\":\"pastibisa\",\"message\":\"Review dikirimkan!\",\"id\":\"4\",\"category\":\"review\"}','2021-06-05 17:05:50','2021-06-05 09:05:43','2021-06-05 09:05:50'),(30,'App\\Notifications\\UserNotification','App\\Models\\Admin',6,'{\"nama\":\"pastibisa\",\"message\":\"Review diresponse!\",\"id\":4,\"category\":\"review\"}','2021-06-05 17:08:22','2021-06-05 09:07:44','2021-06-05 09:08:22'),(31,'App\\Notifications\\UserNotification','App\\Models\\Admin',6,'{\"nama\":\"pastibisa\",\"message\":\"Upload bukti pembayaran!\",\"id\":17,\"category\":\"transaction\"}','2021-06-05 22:57:41','2021-06-05 14:44:53','2021-06-05 14:57:41'),(32,'App\\Notifications\\UserNotification','App\\Models\\Admin',6,'{\"nama\":\"pastibisa\",\"message\":\"Bukti pembayaran diupload!\",\"id\":\"17\",\"category\":\"transaction\"}','2021-06-05 22:57:54','2021-06-05 14:46:58','2021-06-05 14:57:54'),(33,'App\\Notifications\\UserNotification','App\\Models\\Admin',6,'{\"nama\":\"pastibisa\",\"message\":\"Pesanan terverifikasi!\",\"id\":\"17\",\"category\":\"transaction\"}','2021-06-05 22:58:01','2021-06-05 14:50:26','2021-06-05 14:58:01'),(34,'App\\Notifications\\UserNotification','App\\Models\\Admin',6,'{\"nama\":\"pastibisa\",\"message\":\"Pesanan dikirim!\",\"id\":\"17\",\"category\":\"transaction\"}','2021-06-05 22:51:54','2021-06-05 14:51:14','2021-06-05 14:51:54'),(35,'App\\Notifications\\UserNotification','App\\Models\\Admin',6,'{\"nama\":\"pastibisa\",\"message\":\"Pesanan diterima!\",\"id\":\"17\",\"category\":\"transaction\"}','2021-06-05 22:58:07','2021-06-05 14:52:32','2021-06-05 14:58:07'),(36,'App\\Notifications\\UserNotification','App\\Models\\Admin',6,'{\"nama\":\"pastibisa\",\"message\":\"Review dikirimkan!\",\"id\":\"8\",\"category\":\"review\"}','2021-06-05 22:58:14','2021-06-05 14:53:27','2021-06-05 14:58:14'),(37,'App\\Notifications\\UserNotification','App\\Models\\Admin',6,'{\"nama\":\"pastibisa\",\"message\":\"Review diresponse!\",\"id\":8,\"category\":\"review\"}','2021-06-05 23:16:33','2021-06-05 15:10:18','2021-06-05 15:16:33'),(38,'App\\Notifications\\UserNotification','App\\Models\\Admin',6,'{\"nama\":\"pastibisa\",\"message\":\"Upload bukti pembayaran!\",\"id\":18,\"category\":\"transaction\"}','2021-06-06 10:32:43','2021-06-06 02:30:54','2021-06-06 02:32:43'),(39,'App\\Notifications\\UserNotification','App\\Models\\Admin',6,'{\"nama\":\"pastibisa\",\"message\":\"Review diresponse!\",\"id\":8,\"category\":\"review\"}','2021-06-06 10:39:14','2021-06-06 02:38:11','2021-06-06 02:39:14'),(40,'App\\Notifications\\UserNotification','App\\Models\\Admin',6,'{\"nama\":\"pastibisa\",\"message\":\"Bukti pembayaran diupload!\",\"id\":\"18\",\"category\":\"transaction\"}',NULL,'2021-06-06 02:39:52','2021-06-06 02:39:52'),(41,'App\\Notifications\\UserNotification','App\\Models\\Admin',6,'{\"nama\":\"pastibisa\",\"message\":\"Pesanan terverifikasi!\",\"id\":\"18\",\"category\":\"transaction\"}',NULL,'2021-06-06 05:04:07','2021-06-06 05:04:07'),(42,'App\\Notifications\\UserNotification','App\\Models\\Admin',6,'{\"nama\":\"pastibisa\",\"message\":\"Pesanan dikirim!\",\"id\":\"18\",\"category\":\"transaction\"}',NULL,'2021-06-06 05:04:23','2021-06-06 05:04:23'),(43,'App\\Notifications\\UserNotification','App\\Models\\Admin',6,'{\"nama\":\"pastibisa\",\"message\":\"Pesanan diterima!\",\"id\":\"18\",\"category\":\"transaction\"}',NULL,'2021-06-06 05:07:30','2021-06-06 05:07:30');

/*Table structure for table `users` */

DROP TABLE IF EXISTS `users`;

CREATE TABLE `users` (
  `id` int(10) unsigned NOT NULL AUTO_INCREMENT,
  `name` varchar(191) COLLATE utf8mb4_unicode_ci NOT NULL,
  `email` varchar(191) COLLATE utf8mb4_unicode_ci NOT NULL,
  `profile_image` varchar(191) COLLATE utf8mb4_unicode_ci DEFAULT NULL,
  `status` varchar(191) COLLATE utf8mb4_unicode_ci DEFAULT NULL,
  `email_verified_at` timestamp NULL DEFAULT NULL,
  `password` varchar(191) COLLATE utf8mb4_unicode_ci NOT NULL,
  `two_factor_secret` text COLLATE utf8mb4_unicode_ci DEFAULT NULL,
  `two_factor_recovery_codes` text COLLATE utf8mb4_unicode_ci DEFAULT NULL,
  `remember_token` varchar(100) COLLATE utf8mb4_unicode_ci DEFAULT NULL,
  `created_at` timestamp NULL DEFAULT NULL,
  `updated_at` timestamp NULL DEFAULT NULL,
  PRIMARY KEY (`id`),
  UNIQUE KEY `users_email_unique` (`email`)
) ENGINE=InnoDB AUTO_INCREMENT=8 DEFAULT CHARSET=utf8mb4 COLLATE=utf8mb4_unicode_ci;

/*Data for the table `users` */

insert  into `users`(`id`,`name`,`email`,`profile_image`,`status`,`email_verified_at`,`password`,`two_factor_secret`,`two_factor_recovery_codes`,`remember_token`,`created_at`,`updated_at`) values (1,'usercoba','usercoba@gmail.com','def.jpg','active','2021-05-31 04:14:50','123456',NULL,NULL,NULL,'2021-05-31 04:14:59',NULL),(2,'cobaduluaja','cobaduluaja@gmail.com',NULL,NULL,NULL,'$2y$10$8AyL/1yxym8O4PWKcxJzfu3oyvQw49vQxfnW3sAjNh2vTr1inuOii',NULL,NULL,NULL,'2021-05-30 20:26:16','2021-05-30 20:26:16'),(3,'cobaduluaja','cobaduluaja123@gmail.com',NULL,NULL,NULL,'$2y$10$CHTgCftFBGb7mR/QWm/1b.cSTZv0nV9i0WAXb/ip0zWEBmVTmdO8K',NULL,NULL,NULL,'2021-05-30 20:42:01','2021-05-30 20:42:01'),(4,'cobain','cobain@gmail.com',NULL,NULL,NULL,'$2y$10$LA/.FZVkKAAbTZ3uhw7NBOZUHbsloAPqQm4hDk910a3k.RibPOpwi',NULL,NULL,NULL,'2021-05-30 21:35:32','2021-05-30 21:35:32'),(5,'cobaaja','cobaaja@gmail.com',NULL,NULL,NULL,'$2y$10$Euunza1yaFULOsRGh/4xPeXAH7.UWHBq0FAzLB2nqsN.LG7aXICA6',NULL,NULL,NULL,'2021-05-30 21:45:01','2021-05-30 21:45:01'),(6,'pastibisa','pastibisa@gmail.com',NULL,NULL,'2021-05-31 08:19:05','$2y$10$eGiLtL9Ta.YXmRVpYM./2uTo3sNXmhGH1IKMGgD7yhSfzt2j17G/O',NULL,NULL,NULL,'2021-05-31 08:18:14','2021-05-31 08:19:05'),(7,'gungis','gungis20@gmail.com',NULL,NULL,NULL,'$2y$10$1EJaLlEPOm02CDJ2dAPVUu.1qiEjnY5Xvo1eYCsKP7SsQ.5HH5FLW',NULL,NULL,NULL,'2021-06-06 05:42:50','2021-06-06 05:42:50');

/*!40101 SET SQL_MODE=@OLD_SQL_MODE */;
/*!40014 SET FOREIGN_KEY_CHECKS=@OLD_FOREIGN_KEY_CHECKS */;
/*!40014 SET UNIQUE_CHECKS=@OLD_UNIQUE_CHECKS */;
/*!40111 SET SQL_NOTES=@OLD_SQL_NOTES */;
